/*
 Navicat Premium Data Transfer

 Source Server         : YANG
 Source Server Type    : MySQL
 Source Server Version : 80011
 Source Host           : localhost:3306
 Source Schema         : topshow_cources

 Target Server Type    : MySQL
 Target Server Version : 80011
 File Encoding         : 65001

 Date: 30/11/2019 21:00:17
*/

SET NAMES utf8mb4;
SET FOREIGN_KEY_CHECKS = 0;

-- ----------------------------
-- Table structure for admin
-- ----------------------------
DROP TABLE IF EXISTS `admin`;
CREATE TABLE `admin`  (
  `id` varchar(255) CHARACTER SET utf8 COLLATE utf8_general_ci NOT NULL COMMENT 'ID',
  `adminname` varchar(255) CHARACTER SET utf8 COLLATE utf8_general_ci NOT NULL COMMENT '管理员账号',
  `password` varchar(255) CHARACTER SET utf8 COLLATE utf8_general_ci NOT NULL COMMENT '管理员密码',
  `phone` varchar(255) CHARACTER SET utf8 COLLATE utf8_general_ci NULL DEFAULT NULL COMMENT '管理员手机号',
  `detail` varchar(255) CHARACTER SET utf8 COLLATE utf8_general_ci NULL DEFAULT NULL COMMENT '管理员角色',
  `status` varchar(255) CHARACTER SET utf8 COLLATE utf8_general_ci NULL DEFAULT NULL COMMENT '管理员实际状态',
  `forceTime` datetime(0) NULL DEFAULT NULL COMMENT '管理生效时间',
  `lastLoginTime` datetime(0) NULL DEFAULT NULL COMMENT '上次登录时间',
  PRIMARY KEY (`id`) USING BTREE
) ENGINE = InnoDB CHARACTER SET = utf8 COLLATE = utf8_general_ci COMMENT = '管理员表' ROW_FORMAT = Compact;

-- ----------------------------
-- Records of admin
-- ----------------------------
INSERT INTO `admin` VALUES ('ADMIN1896342710', 'admin@jhl', 'ZDBhNWI2M2ExYjVhNDljY2NiNTg0YjEyMmU3N2YwZmY=', NULL, '管理员', NULL, NULL, NULL);
INSERT INTO `admin` VALUES ('ADMIN3961102748', 'admin@dzl', 'ZGM4ZDc5ZDYyYWFiOWI0Y2IxNjgxMGEwZGI2OWJmYTM=', NULL, '管理员', NULL, NULL, NULL);
INSERT INTO `admin` VALUES ('ADMIN6213975108', 'admin@qgd', 'Y2UyOTEyZTIzZTEzNWU5MDUyZWExNzA1YzRkOGRkZGM=', NULL, '管理员', NULL, NULL, NULL);
INSERT INTO `admin` VALUES ('ADMIN7105439821', 'admin@ld', 'YjJjNDJjOGMyMTk5MGE4OTkyMDMxNmFiZTg5N2EzZTk=', NULL, '管理员', NULL, NULL, NULL);
INSERT INTO `admin` VALUES ('ADMIN7826110349', 'TOPSHOW', 'MjVmOWU3OTQzMjNiNDUzODg1ZjUxODFmMWI2MjRkMGI=', '18802927580', '超级管理员', '0', '2019-11-07 18:56:07', '2019-11-07 18:56:10');
INSERT INTO `admin` VALUES ('ADMIN8121075349', 'admin@fh', 'ZGNmZmFlOWQ2NTIwMTQ1NDY0Mzk1OWI2MzU4OTcyMTg=', NULL, '管理员', NULL, NULL, NULL);

-- ----------------------------
-- Table structure for admin_nav
-- ----------------------------
DROP TABLE IF EXISTS `admin_nav`;
CREATE TABLE `admin_nav`  (
  `nav_id` bigint(20) NOT NULL AUTO_INCREMENT COMMENT '导航栏ID',
  `nav_parent_id` bigint(20) NULL DEFAULT 0 COMMENT '父级ID',
  `nav_title` varchar(255) CHARACTER SET utf8 COLLATE utf8_general_ci NULL DEFAULT NULL COMMENT '导航栏标题',
  `nav_url` varchar(255) CHARACTER SET utf8 COLLATE utf8_general_ci NULL DEFAULT NULL COMMENT '导航路径',
  `nav_index` varchar(255) CHARACTER SET utf8 COLLATE utf8_general_ci NULL DEFAULT NULL COMMENT '索引',
  `is_target` varchar(20) CHARACTER SET utf8 COLLATE utf8_general_ci NULL DEFAULT NULL COMMENT '是否打开新标签',
  `nav_icon` varchar(255) CHARACTER SET utf8 COLLATE utf8_general_ci NULL DEFAULT NULL COMMENT '图标',
  `nav_spread` tinyint(4) NULL DEFAULT 0 COMMENT '是否展开',
  `nav_role` varchar(255) CHARACTER SET utf8 COLLATE utf8_general_ci NULL DEFAULT NULL COMMENT '权限ID',
  PRIMARY KEY (`nav_id`) USING BTREE,
  INDEX `nav_parent_id`(`nav_parent_id`) USING BTREE,
  INDEX `nav_role`(`nav_role`) USING BTREE
) ENGINE = InnoDB AUTO_INCREMENT = 35 CHARACTER SET = utf8 COLLATE = utf8_general_ci ROW_FORMAT = Compact;

-- ----------------------------
-- Records of admin_nav
-- ----------------------------
INSERT INTO `admin_nav` VALUES (1, 0, '首页内容', '0', 'contentManagement', NULL, '&#xe63c;', 0, '1,3');
INSERT INTO `admin_nav` VALUES (2, 1, '动态课程表', 'cources/table/list', 'cources_table_list', NULL, 'icon-text', 0, '1,3');
INSERT INTO `admin_nav` VALUES (32, 1, '店面管理', 'cources/table/storefront/list', 'storefront', NULL, 'icon-text', 0, '1,3');
INSERT INTO `admin_nav` VALUES (33, 1, '管理员管理', 'cources/table/admin/list', 'adminList', NULL, 'icon-text', 0, '1,3');
INSERT INTO `admin_nav` VALUES (34, 1, '课程图管理', 'cources/table/images/list', 'tableImages', NULL, 'icon-text', 0, '1,3');

-- ----------------------------
-- Table structure for storefront
-- ----------------------------
DROP TABLE IF EXISTS `storefront`;
CREATE TABLE `storefront`  (
  `id` varchar(255) CHARACTER SET utf8 COLLATE utf8_general_ci NOT NULL COMMENT '店面ID',
  `name` varchar(255) CHARACTER SET utf8 COLLATE utf8_general_ci NULL DEFAULT NULL COMMENT '店面名称',
  `admin` varchar(255) CHARACTER SET utf8 COLLATE utf8_general_ci NULL DEFAULT NULL COMMENT '管理员ID',
  PRIMARY KEY (`id`) USING BTREE,
  INDEX `admin`(`admin`) USING BTREE
) ENGINE = InnoDB CHARACTER SET = utf8 COLLATE = utf8_general_ci ROW_FORMAT = Compact;

-- ----------------------------
-- Records of storefront
-- ----------------------------
INSERT INTO `storefront` VALUES ('10132947561574263774261', '金彦舞蹈金花路店', 'ADMIN1896342710');
INSERT INTO `storefront` VALUES ('14763258915744854224964', '金彦舞蹈丰禾路店', 'ADMIN8121075349');
INSERT INTO `storefront` VALUES ('47101389251574507011770', '金彦舞蹈兰岛店', 'ADMIN7105439821');
INSERT INTO `storefront` VALUES ('54736910821574855435333', '金彦舞蹈大寨路店', 'ADMIN3961102748');
INSERT INTO `storefront` VALUES ('58910217631574855451395', '金彦舞蹈群光店', 'ADMIN6213975108');

-- ----------------------------
-- Table structure for table_cources
-- ----------------------------
DROP TABLE IF EXISTS `table_cources`;
CREATE TABLE `table_cources`  (
  `id` varchar(255) CHARACTER SET utf8 COLLATE utf8_general_ci NOT NULL COMMENT 'ID',
  `name` varchar(255) CHARACTER SET utf8 COLLATE utf8_general_ci NULL DEFAULT NULL COMMENT '课程名称',
  `star_class` varchar(255) CHARACTER SET utf8 COLLATE utf8_general_ci NULL DEFAULT NULL COMMENT '课程星级',
  `type` varchar(255) CHARACTER SET utf8 COLLATE utf8_general_ci NULL DEFAULT NULL COMMENT '舞蹈类型',
  `effect` varchar(255) CHARACTER SET utf8 COLLATE utf8_general_ci NULL DEFAULT NULL COMMENT '舞蹈作用，介绍',
  `start_time` time(0) NULL DEFAULT NULL COMMENT '课程开始时间',
  `end_time` time(0) NULL DEFAULT NULL COMMENT '结束时间',
  `week` varchar(255) CHARACTER SET utf8 COLLATE utf8_general_ci NULL DEFAULT NULL COMMENT '星期ID',
  `storefront` varchar(255) CHARACTER SET utf8 COLLATE utf8_general_ci NULL DEFAULT NULL COMMENT '店面ID',
  PRIMARY KEY (`id`) USING BTREE,
  INDEX `week`(`week`) USING BTREE,
  INDEX `table_ course_ibfk_2`(`storefront`) USING BTREE,
  CONSTRAINT `table_cources_ibfk_2` FOREIGN KEY (`storefront`) REFERENCES `storefront` (`id`) ON DELETE RESTRICT ON UPDATE RESTRICT,
  CONSTRAINT `table_cources_ibfk_3` FOREIGN KEY (`week`) REFERENCES `week` (`id`) ON DELETE RESTRICT ON UPDATE RESTRICT
) ENGINE = InnoDB CHARACTER SET = utf8 COLLATE = utf8_general_ci ROW_FORMAT = Compact;

-- ----------------------------
-- Records of table_cources
-- ----------------------------
INSERT INTO `table_cources` VALUES ('10286913751574855451473', '肚皮', '★★', '成品', '腰部线条 胯位分离', '12:30:00', '13:30:00', '47196108431574247199561', '58910217631574855451395');
INSERT INTO `table_cources` VALUES ('10328796451574752556232', '爵士', '★', '片段', '身体控制 强化力量', '18:30:00', '19:30:00', '39657101421574247168608', '47101389251574507011770');
INSERT INTO `table_cources` VALUES ('10367894521574752465575', NULL, '★', NULL, NULL, '18:30:00', '19:30:00', '39657101421574247168608', '10132947561574263774261');
INSERT INTO `table_cources` VALUES ('10379412651574855451489', '钢管', '★', '组合片段', '性感曲线 臂力核心', '13:45:00', '14:45:00', '51065329141574247214318', '58910217631574855451395');
INSERT INTO `table_cources` VALUES ('10387152941574752556415', '肚皮', '★★★', '片段', '腰部线条 胯位分离', '12:30:00', '13:30:00', '51065329141574247214318', '47101389251574507011770');
INSERT INTO `table_cources` VALUES ('10432915761574752556420', '民族', '★', '片段', '协调训练 民族风情', '13:45:00', '14:45:00', '51065329141574247214318', '47101389251574507011770');
INSERT INTO `table_cources` VALUES ('10451863791574855451442', '爵士', '★', '动作片段', '训练肌肉 锻炼协调', '18:30:00', '19:30:00', '21964327101574247282899', '58910217631574855451395');
INSERT INTO `table_cources` VALUES ('10453892761574752544688', '爵士舞', '★', '片段/wasabi', '训练肌肉 锻炼协调', '19:45:00', '20:45:00', '21964327101574247282899', '14763258915744854224964');
INSERT INTO `table_cources` VALUES ('10521846791574752544801', '古典舞', '★', '成品舞/桃花诺', '情感抒发 提升呼吸', '12:30:00', '13:30:00', '47196108431574247199561', '14763258915744854224964');
INSERT INTO `table_cources` VALUES ('10582647911574752556451', NULL, '★', NULL, NULL, '12:30:00', '13:30:00', '67341681051574247226155', '47101389251574507011770');
INSERT INTO `table_cources` VALUES ('10597638121574855435364', '瑜伽', '★', '阳瑜伽', '减压养心 理疗纤体', '18:30:00', '19:30:00', '21964327101574247282899', '54736910821574855435333');
INSERT INTO `table_cources` VALUES ('10618397451574752465958', NULL, '★', NULL, NULL, '13:45:00', '14:45:00', '71046358971574247275310', '10132947561574263774261');
INSERT INTO `table_cources` VALUES ('10651937841574752465537', NULL, '★', NULL, NULL, '12:30:00', '13:30:00', '39657101421574247168608', '10132947561574263774261');
INSERT INTO `table_cources` VALUES ('10654189721574855451536', '芭蕾', '★', '芭蕾形体', '改善驼背 拉伸线条', '18:30:00', '19:30:00', '71046358971574247275310', '58910217631574855451395');
INSERT INTO `table_cources` VALUES ('10671953841574855435364', '钢管舞', '★', '片段', '性感曲线 臂力核心', '12:30:00', '13:30:00', '21964327101574247282899', '54736910821574855435333');
INSERT INTO `table_cources` VALUES ('10798453211574752465436', NULL, '★', NULL, NULL, '12:30:00', '13:30:00', '21964327101574247282899', '10132947561574263774261');
INSERT INTO `table_cources` VALUES ('10813267941574752465445', NULL, '★', NULL, NULL, '13:45:00', '14:45:00', '21964327101574247282899', '10132947561574263774261');
INSERT INTO `table_cources` VALUES ('10827361491574855435380', '爵士舞', '★★', '成品舞/depend', '训练肌肉 锻炼协调', '19:45:00', '20:45:00', '21964327101574247282899', '54736910821574855435333');
INSERT INTO `table_cources` VALUES ('10845971261574752544808', '爵士舞', '★', '片段/hip', '训练肌肉 锻炼协调', '13:45:00', '14:45:00', '47196108431574247199561', '14763258915744854224964');
INSERT INTO `table_cources` VALUES ('10943861271574855451489', '芭蕾', '★', '芭蕾形体', '改善驼背 拉伸线条', '19:45:00', '20:45:00', '47196108431574247199561', '58910217631574855451395');
INSERT INTO `table_cources` VALUES ('10951276381574855451473', '爵士', '★★', '成品', '训练肌肉 锻炼协调', '19:45:00', '20:45:00', '39657101421574247168608', '58910217631574855451395');
INSERT INTO `table_cources` VALUES ('10952714681574752556448', NULL, '★', NULL, NULL, '12:30:00', '13:30:00', '67341681051574247226155', '47101389251574507011770');
INSERT INTO `table_cources` VALUES ('10968435171574855451411', '芭蕾', '★', '芭蕾形体', '改善驼背 拉伸线条', '18:30:00', '19:30:00', '11976352101574247112256', '58910217631574855451395');
INSERT INTO `table_cources` VALUES ('10985243171574855435411', '瑜伽', '★', '精准顺位', '减压养心 理疗纤体', '13:45:00', '14:45:00', '51065329141574247214318', '54736910821574855435333');
INSERT INTO `table_cources` VALUES ('11043697521574752464983', NULL, '★', NULL, NULL, '18:30:00', '19:30:00', '11976352101574247112256', '10132947561574263774261');
INSERT INTO `table_cources` VALUES ('11096245831574752464957', NULL, '★', NULL, NULL, '13:45:00', '14:45:00', '11976352101574247112256', '10132947561574263774261');
INSERT INTO `table_cources` VALUES ('12510478631574752465709', NULL, '★', NULL, NULL, '19:45:00', '20:45:00', '47196108431574247199561', '10132947561574263774261');
INSERT INTO `table_cources` VALUES ('13468102971574752465205', NULL, '★', NULL, NULL, '18:30:00', '19:30:00', '11976352101574247112256', '10132947561574263774261');
INSERT INTO `table_cources` VALUES ('13641052981574855435380', '钢管舞', '★', '片段', '性感曲线 臂力核心', '18:30:00', '19:30:00', '39657101421574247168608', '54736910821574855435333');
INSERT INTO `table_cources` VALUES ('1439728561574752544732', '肚皮舞', '★', '片段/shaabi', '腰部线条 胯位分离', '18:30:00', '19:30:00', '39657101421574247168608', '14763258915744854224964');
INSERT INTO `table_cources` VALUES ('14652781031574752544662', '爵士舞', '★★', '成品舞/潇洒小姐', '训练肌肉 锻炼协调', '12:30:00', '13:30:00', '21964327101574247282899', '14763258915744854224964');
INSERT INTO `table_cources` VALUES ('15368941071574752465732', NULL, '★', NULL, NULL, '12:30:00', '13:30:00', '51065329141574247214318', '10132947561574263774261');
INSERT INTO `table_cources` VALUES ('15426781091574855451411', '民族', '★', '基础片段', '训练协调 感受文化', '12:30:00', '13:30:00', '21964327101574247282899', '58910217631574855451395');
INSERT INTO `table_cources` VALUES ('1543987261574752556310', 'URBAN', '★★', '成品', '身体控制 强化力量', '19:45:00', '20:45:00', '47196108431574247199561', '47101389251574507011770');
INSERT INTO `table_cources` VALUES ('15498321061574855451411', NULL, '★', NULL, NULL, '18:30:00', '19:30:00', '11976352101574247112256', '58910217631574855451395');
INSERT INTO `table_cources` VALUES ('15893621071574752465671', NULL, '★', NULL, NULL, '18:30:00', '19:30:00', '47196108431574247199561', '10132947561574263774261');
INSERT INTO `table_cources` VALUES ('16107543891574855451520', '肚皮', '★★', '成品', '腰部线条 胯位分离', '13:45:00', '14:45:00', '71046358971574247275310', '58910217631574855451395');
INSERT INTO `table_cources` VALUES ('16108352941574752556427', 'Hiphop', '★★', '成品', '身体控制 强化力量', '18:30:00', '19:30:00', '51065329141574247214318', '47101389251574507011770');
INSERT INTO `table_cources` VALUES ('16385104971574752556295', '钢管', '★★★', '片段', '塑造曲线 秀s身材', '13:45:00', '14:45:00', '47196108431574247199561', '47101389251574507011770');
INSERT INTO `table_cources` VALUES ('16579241081574752465993', NULL, '★', NULL, NULL, '19:45:00', '20:45:00', '71046358971574247275310', '10132947561574263774261');
INSERT INTO `table_cources` VALUES ('16910738421574855451442', '肚皮', '★', '组合片段', '腰部线条 胯位分离', '18:30:00', '19:30:00', '21964327101574247282899', '58910217631574855451395');
INSERT INTO `table_cources` VALUES ('1723486591574855451442', '古典', '★★', '成品', '情感抒发 提升呼吸', '19:45:00', '20:45:00', '21964327101574247282899', '58910217631574855451395');
INSERT INTO `table_cources` VALUES ('17521038491574855451520', '爵士', '★★', '成品', '训练肌肉 锻炼协调', '13:45:00', '14:45:00', '67341681051574247226155', '58910217631574855451395');
INSERT INTO `table_cources` VALUES ('17845239101574752465699', NULL, '★', NULL, NULL, '19:45:00', '20:45:00', '47196108431574247199561', '10132947561574263774261');
INSERT INTO `table_cources` VALUES ('17910483651574855435442', '古典舞', '★★', '成品/贵妃醉酒', '情感抒发 提升呼吸', '13:45:00', '14:45:00', '71046358971574247275310', '54736910821574855435333');
INSERT INTO `table_cources` VALUES ('18105973241574752465978', NULL, '★', NULL, NULL, '19:45:00', '20:45:00', '71046358971574247275310', '10132947561574263774261');
INSERT INTO `table_cources` VALUES ('18254910371574855435426', NULL, '★', NULL, NULL, '12:30:00', '13:30:00', '67341681051574247226155', '54736910821574855435333');
INSERT INTO `table_cources` VALUES ('18397105421574856744898', NULL, '★', NULL, NULL, '12:30:00', '13:30:00', '21964327101574247282899', '58910217631574855451395');
INSERT INTO `table_cources` VALUES ('18527106941574752465552', NULL, '★', NULL, NULL, '13:45:00', '14:45:00', '39657101421574247168608', '10132947561574263774261');
INSERT INTO `table_cources` VALUES ('1893467251574855451458', '古典', '★', '基础片段', '情感抒发 提升呼吸', '13:45:00', '14:45:00', '39657101421574247168608', '58910217631574855451395');
INSERT INTO `table_cources` VALUES ('19251076841574855435426', '爵士舞', '★★', '成品舞/fault', '训练肌肉 锻炼协调', '19:45:00', '20:45:00', '51065329141574247214318', '54736910821574855435333');
INSERT INTO `table_cources` VALUES ('21039647181574855451442', '燃脂', '★', '时尚燃脂', '提臀减脂 肌肉紧致', '19:45:00', '20:45:00', '21964327101574247282899', '58910217631574855451395');
INSERT INTO `table_cources` VALUES ('21047586391574752465565', NULL, '★', NULL, NULL, '18:30:00', '19:30:00', '39657101421574247168608', '10132947561574263774261');
INSERT INTO `table_cources` VALUES ('21048715931574752556478', NULL, '★', NULL, NULL, '12:30:00', '13:30:00', '71046358971574247275310', '47101389251574507011770');
INSERT INTO `table_cources` VALUES ('21087413951574752465786', NULL, '★', NULL, NULL, '19:45:00', '20:45:00', '51065329141574247214318', '10132947561574263774261');
INSERT INTO `table_cources` VALUES ('21485106931574855451442', '爵士', '★★', '成品', '训练肌肉 锻炼协调', '13:45:00', '14:45:00', '21964327101574247282899', '58910217631574855451395');
INSERT INTO `table_cources` VALUES ('21785964101574752544650', NULL, '★', NULL, NULL, '12:30:00', '13:30:00', '21964327101574247282899', '14763258915744854224964');
INSERT INTO `table_cources` VALUES ('21869541071574752556127', '钢管', '★', '片段', '塑造曲线 完美身材', '13:45:00', '14:45:00', '21964327101574247282899', '47101389251574507011770');
INSERT INTO `table_cources` VALUES ('21893746101574752465969', NULL, '★', NULL, NULL, '18:30:00', '19:30:00', '71046358971574247275310', '10132947561574263774261');
INSERT INTO `table_cources` VALUES ('23108641951574752545046', '爵士舞', '★★', '成品舞/潇洒小姐', '训练肌肉 锻炼协调', '19:45:00', '20:45:00', '71046358971574247275310', '14763258915744854224964');
INSERT INTO `table_cources` VALUES ('23108714561574855435411', '民族舞', '★', '片段/蒙古骏马', '释放情绪 感受文化', '19:45:00', '20:45:00', '47196108431574247199561', '54736910821574855435333');
INSERT INTO `table_cources` VALUES ('23617495101574855451520', '肚皮', '★', '组合片段', '腰部线条 胯位分离', '18:30:00', '19:30:00', '67341681051574247226155', '58910217631574855451395');
INSERT INTO `table_cources` VALUES ('24678910511574752465841', NULL, '★', NULL, NULL, '12:30:00', '13:30:00', '67341681051574247226155', '10132947561574263774261');
INSERT INTO `table_cources` VALUES ('24791103681574752465399', NULL, '★', NULL, NULL, '19:45:00', '20:45:00', '11976352101574247112256', '10132947561574263774261');
INSERT INTO `table_cources` VALUES ('24871061391574752544720', '瑜伽', '★', '阳转阴', '减压养心 理疗纤体', '13:45:00', '14:45:00', '39657101421574247168608', '14763258915744854224964');
INSERT INTO `table_cources` VALUES ('2567839141574855435348', '瑜伽', '★', '阴瑜伽', '减压养心 理疗纤体', '19:45:00', '20:45:00', '11976352101574247112256', '54736910821574855435333');
INSERT INTO `table_cources` VALUES ('25683710191574752556536', '瑜伽', '★', '阴瑜伽', '调息减压 理疗养生', '19:45:00', '20:45:00', '71046358971574247275310', '47101389251574507011770');
INSERT INTO `table_cources` VALUES ('25843761101574752544979', NULL, '★', NULL, NULL, '12:30:00', '13:30:00', '71046358971574247275310', '14763258915744854224964');
INSERT INTO `table_cources` VALUES ('26197341081574855435411', '爵士舞', '★', '片段/lonely', '训练肌肉 锻炼协调', '19:45:00', '20:45:00', '47196108431574247199561', '54736910821574855435333');
INSERT INTO `table_cources` VALUES ('26310184971574752545039', '芭蕾舞', '★', '芭蕾形体', '改善驼背 拉长线条', '19:45:00', '20:45:00', '71046358971574247275310', '14763258915744854224964');
INSERT INTO `table_cources` VALUES ('26510789431574752556505', '爵士', '★★', '成品', '身体控制 强化力量', '18:30:00', '19:30:00', '71046358971574247275310', '47101389251574507011770');
INSERT INTO `table_cources` VALUES ('2697841531574855451473', '古典', '★★', '成品', '情感抒发 提升呼吸', '18:30:00', '19:30:00', '47196108431574247199561', '58910217631574855451395');
INSERT INTO `table_cources` VALUES ('27103154961574855435426', '古典舞', '★', '片段/芒种', '情感抒发 提升呼吸', '18:30:00', '19:30:00', '51065329141574247214318', '54736910821574855435333');
INSERT INTO `table_cources` VALUES ('27510391681574752544705', '爵士舞', '★★', '成品舞/潇洒小姐', '训练肌肉 锻炼协调', '12:30:00', '13:30:00', '39657101421574247168608', '14763258915744854224964');
INSERT INTO `table_cources` VALUES ('2786453191574752465591', NULL, '★', NULL, NULL, '18:30:00', '19:30:00', '39657101421574247168608', '10132947561574263774261');
INSERT INTO `table_cources` VALUES ('27865109141574752465934', NULL, '★', NULL, NULL, '12:30:00', '13:30:00', '71046358971574247275310', '10132947561574263774261');
INSERT INTO `table_cources` VALUES ('28347659101574752465463', NULL, '★', NULL, NULL, '18:30:00', '19:30:00', '21964327101574247282899', '10132947561574263774261');
INSERT INTO `table_cources` VALUES ('28410917561574752544993', NULL, '★', NULL, NULL, '12:30:00', '13:30:00', '71046358971574247275310', '14763258915744854224964');
INSERT INTO `table_cources` VALUES ('28436751011574752556180', '肚皮', '★', '片段', '腰部线条 胯位分离', '12:30:00', '13:30:00', '39657101421574247168608', '47101389251574507011770');
INSERT INTO `table_cources` VALUES ('28716104591574752556546', '古典', '★', '片段', '协调训练 民族风情', '19:45:00', '20:45:00', '71046358971574247275310', '47101389251574507011770');
INSERT INTO `table_cources` VALUES ('28913647101574855435411', '钢管舞', '★★', '成品/扇子', '性感曲线 臂力核心', '19:45:00', '20:45:00', '47196108431574247199561', '54736910821574855435333');
INSERT INTO `table_cources` VALUES ('28915106431574752544947', '爵士舞', '★', '片段/hip', '训练肌肉 锻炼协调', '18:30:00', '19:30:00', '67341681051574247226155', '14763258915744854224964');
INSERT INTO `table_cources` VALUES ('29186547101574855435458', '钢管舞', '★', '片段/天使消逝的地方', '性感曲线 臂力核心', '18:30:00', '19:30:00', '71046358971574247275310', '54736910821574855435333');
INSERT INTO `table_cources` VALUES ('29310461581574855435458', '爵士舞', '★★', '成品舞/fault', '训练肌肉 锻炼协调', '18:30:00', '19:30:00', '71046358971574247275310', '54736910821574855435333');
INSERT INTO `table_cources` VALUES ('29573104681574752465482', NULL, '★', NULL, NULL, '19:45:00', '20:45:00', '21964327101574247282899', '10132947561574263774261');
INSERT INTO `table_cources` VALUES ('29573684101574752465722', NULL, '★', NULL, NULL, '12:30:00', '13:30:00', '51065329141574247214318', '10132947561574263774261');
INSERT INTO `table_cources` VALUES ('31019254871574752544681', '爵士舞', '★', '片段/hip', '训练肌肉 锻炼协调', '18:30:00', '19:30:00', '21964327101574247282899', '14763258915744854224964');
INSERT INTO `table_cources` VALUES ('31024679151574752465949', NULL, '★', NULL, NULL, '12:30:00', '13:30:00', '71046358971574247275310', '10132947561574263774261');
INSERT INTO `table_cources` VALUES ('31028614971574752544951', '芭蕾舞', '★', '芭蕾形体', '改善驼背 拉长线条', '18:30:00', '19:30:00', '67341681051574247226155', '14763258915744854224964');
INSERT INTO `table_cources` VALUES ('31042189571574752556460', 'URBAN', '★', '片段', '身体控制 强化力量', '18:30:00', '19:30:00', '67341681051574247226155', '47101389251574507011770');
INSERT INTO `table_cources` VALUES ('31048916751574752465747', NULL, '★', NULL, NULL, '18:30:00', '19:30:00', '51065329141574247214318', '10132947561574263774261');
INSERT INTO `table_cources` VALUES ('31054281691574855435395', '肚皮舞', '★', '片段/pop son', '腰部线条 胯位分离', '19:45:00', '20:45:00', '39657101421574247168608', '54736910821574855435333');
INSERT INTO `table_cources` VALUES ('31241069751574855451504', '爵士', '★', '动作片段', '训练肌肉 锻炼协调', '18:30:00', '19:30:00', '51065329141574247214318', '58910217631574855451395');
INSERT INTO `table_cources` VALUES ('31257108491574752544642', '爵士舞', '★', '片段/wasabi', '训练肌肉 锻炼协调', '19:45:00', '20:45:00', '11976352101574247112256', '14763258915744854224964');
INSERT INTO `table_cources` VALUES ('3128496751574752545023', '现代舞', '★★', '成品舞/一荤一素', '训练肌肉 锻炼协调', '18:30:00', '19:30:00', '71046358971574247275310', '14763258915744854224964');
INSERT INTO `table_cources` VALUES ('31410869251574752544766', '爵士舞', '★', '片段/hip', '训练肌肉 锻炼协调', '19:45:00', '20:45:00', '39657101421574247168608', '14763258915744854224964');
INSERT INTO `table_cources` VALUES ('31527964101574752544624', '爵士舞', '★', '成品舞/clock', '训练肌肉 锻炼协调', '18:30:00', '19:30:00', '11976352101574247112256', '14763258915744854224964');
INSERT INTO `table_cources` VALUES ('32101548691574855451489', '钢管', '★', '组合片段', '性感曲线 臂力核心', '19:45:00', '20:45:00', '47196108431574247199561', '58910217631574855451395');
INSERT INTO `table_cources` VALUES ('32479516101574752465455', NULL, '★', NULL, NULL, '18:30:00', '19:30:00', '21964327101574247282899', '10132947561574263774261');
INSERT INTO `table_cources` VALUES ('3276894151574855435411', '钢管舞', '★', '片段', '性感曲线 臂力核心', '18:30:00', '19:30:00', '51065329141574247214318', '54736910821574855435333');
INSERT INTO `table_cources` VALUES ('34597621101574752465830', NULL, '★', NULL, NULL, '13:45:00', '14:45:00', '67341681051574247226155', '10132947561574263774261');
INSERT INTO `table_cources` VALUES ('34621910581574855435426', NULL, '★', NULL, NULL, '18:30:00', '19:30:00', '51065329141574247214318', '54736910821574855435333');
INSERT INTO `table_cources` VALUES ('3475862191574752544729', '芭蕾舞', '★', '芭蕾形体', '改善驼背 拉长线条', '18:30:00', '19:30:00', '39657101421574247168608', '14763258915744854224964');
INSERT INTO `table_cources` VALUES ('34897611051574752465475', NULL, '★', NULL, NULL, '18:30:00', '19:30:00', '21964327101574247282899', '10132947561574263774261');
INSERT INTO `table_cources` VALUES ('35798210641574752544830', '芭蕾舞', '★', '芭蕾形体', '改善驼背 拉长线条', '19:45:00', '20:45:00', '47196108431574247199561', '14763258915744854224964');
INSERT INTO `table_cources` VALUES ('35862197101574855451504', '民族', '★★', '成品', '训练协调 感受文化', '19:45:00', '20:45:00', '51065329141574247214318', '58910217631574855451395');
INSERT INTO `table_cources` VALUES ('35912684101574752545015', '尊巴', '★', '动感卷腹', '性感曲线 核心练习', '18:30:00', '19:30:00', '71046358971574247275310', '14763258915744854224964');
INSERT INTO `table_cources` VALUES ('35921086171574855435380', '肚皮舞', '★', '片段/纱巾', '腰部线条 胯位分离', '13:45:00', '14:45:00', '39657101421574247168608', '54736910821574855435333');
INSERT INTO `table_cources` VALUES ('36109154871574752544540', '民族舞', '★', '成品舞/心愿', '训练协调 感受文化', '12:30:00', '13:30:00', '11976352101574247112256', '14763258915744854224964');
INSERT INTO `table_cources` VALUES ('36109785241574855435364', '爵士舞', '★★', '片段/womaniz', '训练肌肉 锻炼协调', '13:45:00', '14:45:00', '21964327101574247282899', '54736910821574855435333');
INSERT INTO `table_cources` VALUES ('3648925171574752556474', '', '★', '', '', '19:45:00', '20:45:00', '67341681051574247226155', '47101389251574507011770');
INSERT INTO `table_cources` VALUES ('36854121091574752556470', '肚皮', '★', '成品', '腰部线条 胯位分离', '19:45:00', '20:45:00', '67341681051574247226155', '47101389251574507011770');
INSERT INTO `table_cources` VALUES ('37489210651574855451473', NULL, '★', NULL, NULL, '19:45:00', '20:45:00', '47196108431574247199561', '58910217631574855451395');
INSERT INTO `table_cources` VALUES ('38102971641574855435348', '爵士舞', '★', '片段/womaniz', '训练肌肉 锻炼协调', '18:30:00', '19:30:00', '11976352101574247112256', '54736910821574855435333');
INSERT INTO `table_cources` VALUES ('38141059761574855451536', '爵士', '★★', '成品', '训练肌肉 锻炼协调', '18:30:00', '19:30:00', '71046358971574247275310', '58910217631574855451395');
INSERT INTO `table_cources` VALUES ('38476510191574855451504', '古典', '★', '基础片段', '情感抒发 提升呼吸', '18:30:00', '19:30:00', '51065329141574247214318', '58910217631574855451395');
INSERT INTO `table_cources` VALUES ('38710492151574752465866', NULL, '★', NULL, NULL, '18:30:00', '19:30:00', '67341681051574247226155', '10132947561574263774261');
INSERT INTO `table_cources` VALUES ('38715210641574855451520', '爵士', '★', '动作片段', '训练肌肉 锻炼协调', '19:45:00', '20:45:00', '67341681051574247226155', '58910217631574855451395');
INSERT INTO `table_cources` VALUES ('38792105141574855451520', NULL, '★', NULL, NULL, '12:30:00', '13:30:00', '71046358971574247275310', '58910217631574855451395');
INSERT INTO `table_cources` VALUES ('38917510421574752465651', NULL, '★', NULL, NULL, '12:30:00', '13:30:00', '47196108431574247199561', '10132947561574263774261');
INSERT INTO `table_cources` VALUES ('41015726391574752544699', NULL, '★', NULL, NULL, '12:30:00', '13:30:00', '39657101421574247168608', '14763258915744854224964');
INSERT INTO `table_cources` VALUES ('41031695281574752556285', '肚皮', '★★', '成品', '腰部线条 胯位分离', '19:45:00', '20:45:00', '39657101421574247168608', '47101389251574507011770');
INSERT INTO `table_cources` VALUES ('41038726951574752465911', NULL, '★', NULL, NULL, '18:30:00', '19:30:00', '67341681051574247226155', '10132947561574263774261');
INSERT INTO `table_cources` VALUES ('41069851731574752556113', '肚皮', '★', '片段', '腰部线条 胯位分离', '19:45:00', '20:45:00', '11976352101574247112256', '47101389251574507011770');
INSERT INTO `table_cources` VALUES ('41075862311574752544669', '芭蕾舞', '★', '芭蕾形体', '改善驼背 拉长线条', '13:45:00', '14:45:00', '21964327101574247282899', '14763258915744854224964');
INSERT INTO `table_cources` VALUES ('41109385271574752465659', NULL, '★', NULL, NULL, '13:45:00', '14:45:00', '47196108431574247199561', '10132947561574263774261');
INSERT INTO `table_cources` VALUES ('41635298101574855435442', '爵士舞', '★', '片段/womaniz', '训练肌肉 锻炼协调', '18:30:00', '19:30:00', '67341681051574247226155', '54736910821574855435333');
INSERT INTO `table_cources` VALUES ('41793810521574855451520', '芭蕾', '★', '芭蕾形体', '改善驼背 拉伸线条', '18:30:00', '19:30:00', '67341681051574247226155', '58910217631574855451395');
INSERT INTO `table_cources` VALUES ('41968105731574752556534', '肚皮', '★', '片段', '腰部线条 胯位分离', '18:30:00', '19:30:00', '71046358971574247275310', '47101389251574507011770');
INSERT INTO `table_cources` VALUES ('42101796381574855451395', '古典', '★★', '成品', '情感抒发 提升呼吸', '12:30:00', '13:30:00', '11976352101574247112256', '58910217631574855451395');
INSERT INTO `table_cources` VALUES ('42310975861574752545019', NULL, '★', NULL, NULL, '18:30:00', '19:30:00', '71046358971574247275310', '14763258915744854224964');
INSERT INTO `table_cources` VALUES ('42597310611574752465777', NULL, '★', NULL, NULL, '19:45:00', '20:45:00', '51065329141574247214318', '10132947561574263774261');
INSERT INTO `table_cources` VALUES ('42810736151574752465965', NULL, '★', NULL, NULL, '18:30:00', '19:30:00', '71046358971574247275310', '10132947561574263774261');
INSERT INTO `table_cources` VALUES ('43175861091574752465760', NULL, '★', NULL, NULL, '18:30:00', '19:30:00', '51065329141574247214318', '10132947561574263774261');
INSERT INTO `table_cources` VALUES ('43510826171574855435458', '芭蕾舞', '★', '芭蕾形体', '改善驼背 拉长线条', '19:45:00', '20:45:00', '71046358971574247275310', '54736910821574855435333');
INSERT INTO `table_cources` VALUES ('43561891071574855435395', '古典舞', '★★', '成品舞/贵妃醉酒', '情感抒发 提升呼吸', '18:30:00', '19:30:00', '47196108431574247199561', '54736910821574855435333');
INSERT INTO `table_cources` VALUES ('43710869251574752544944', NULL, '★', NULL, NULL, '18:30:00', '19:30:00', '67341681051574247226155', '14763258915744854224964');
INSERT INTO `table_cources` VALUES ('4371592861574752556116', 'URBAN', '★★', '成品', '身体控制 强化力量', '19:45:00', '20:45:00', '11976352101574247112256', '47101389251574507011770');
INSERT INTO `table_cources` VALUES ('43810169571574752544695', '古典舞', '★', '成品舞/桃花诺', '情感抒发 提升呼吸', '19:45:00', '20:45:00', '21964327101574247282899', '14763258915744854224964');
INSERT INTO `table_cources` VALUES ('43821576101574752465973', NULL, '★', NULL, NULL, '18:30:00', '19:30:00', '71046358971574247275310', '10132947561574263774261');
INSERT INTO `table_cources` VALUES ('45107613981574855435380', '肚皮舞', '★★', '成品/baladi', '腰部线条 胯位分离', '12:30:00', '13:30:00', '39657101421574247168608', '54736910821574855435333');
INSERT INTO `table_cources` VALUES ('45261071981574752556216', '瑜伽', '★', '阴瑜伽', '调息减压 理疗养生', '18:30:00', '19:30:00', '39657101421574247168608', '47101389251574507011770');
INSERT INTO `table_cources` VALUES ('45671832101574855451489', '芭蕾', '★', '芭蕾形体', '改善驼背 拉伸线条', '12:30:00', '13:30:00', '51065329141574247214318', '58910217631574855451395');
INSERT INTO `table_cources` VALUES ('4579268131574855435395', '爵士舞', '★★', '成品舞/I do', '训练肌肉 锻炼协调', '12:30:00', '13:30:00', '47196108431574247199561', '54736910821574855435333');
INSERT INTO `table_cources` VALUES ('45810916321574752556518', NULL, '★', NULL, NULL, '18:30:00', '19:30:00', '71046358971574247275310', '47101389251574507011770');
INSERT INTO `table_cources` VALUES ('45879261101574855435442', '钢管舞', '★', '片段/天使消逝的地方', '性感曲线 臂力核心', '19:45:00', '20:45:00', '67341681051574247226155', '54736910821574855435333');
INSERT INTO `table_cources` VALUES ('46107381921574855451458', '钢管', '★★', '成品', '性感曲线 臂力核心', '18:30:00', '19:30:00', '39657101421574247168608', '58910217631574855451395');
INSERT INTO `table_cources` VALUES ('46109837151574752465515', NULL, '★', NULL, NULL, '19:45:00', '20:45:00', '21964327101574247282899', '10132947561574263774261');
INSERT INTO `table_cources` VALUES ('46189275101574752556443', '民族', '★★', '成品', '协调训练 民族风情', '19:45:00', '20:45:00', '51065329141574247214318', '47101389251574507011770');
INSERT INTO `table_cources` VALUES ('46210897151574752556541', NULL, '★', NULL, NULL, '19:45:00', '20:45:00', '71046358971574247275310', '47101389251574507011770');
INSERT INTO `table_cources` VALUES ('46217510931574855435426', NULL, '★', NULL, NULL, '12:30:00', '13:30:00', '67341681051574247226155', '54736910821574855435333');
INSERT INTO `table_cources` VALUES ('46513872101574855451504', NULL, '★', NULL, NULL, '18:30:00', '19:30:00', '51065329141574247214318', '58910217631574855451395');
INSERT INTO `table_cources` VALUES ('46739158101574752556313', NULL, '★', NULL, NULL, '19:45:00', '20:45:00', '47196108431574247199561', '47101389251574507011770');
INSERT INTO `table_cources` VALUES ('46832910711574928722206', '', '★', '', '', '12:30:00', '13:30:00', '11976352101574247112256', '10132947561574263774261');
INSERT INTO `table_cources` VALUES ('47526101831574752556106', '钢管', '★★', '成品', '塑造曲线 完美身材', '18:30:00', '19:30:00', '11976352101574247112256', '47101389251574507011770');
INSERT INTO `table_cources` VALUES ('47651910821574752556412', '爵士', '★', '片段', '身体控制 强化力量', '12:30:00', '13:30:00', '51065329141574247214318', '47101389251574507011770');
INSERT INTO `table_cources` VALUES ('4793581621574752465528', '', '★', '', '', '12:30:00', '13:30:00', '39657101421574247168608', '10132947561574263774261');
INSERT INTO `table_cources` VALUES ('4812397561574752465386', NULL, '★', NULL, NULL, '18:30:00', '19:30:00', '11976352101574247112256', '10132947561574263774261');
INSERT INTO `table_cources` VALUES ('48521971031574855451536', '古典', '★', '基础片段', '情感抒发 提升呼吸', '19:45:00', '20:45:00', '71046358971574247275310', '58910217631574855451395');
INSERT INTO `table_cources` VALUES ('4872513961574855435442', '芭蕾舞', '★', '芭蕾形体', '改善驼背 拉长线条', '18:30:00', '19:30:00', '67341681051574247226155', '54736910821574855435333');
INSERT INTO `table_cources` VALUES ('49325181061574855435442', NULL, '★', NULL, NULL, '18:30:00', '19:30:00', '67341681051574247226155', '54736910821574855435333');
INSERT INTO `table_cources` VALUES ('51041392681574752544859', '民族舞', '★', '成品舞/心愿', '训练协调 感受文化', '18:30:00', '19:30:00', '51065329141574247214318', '14763258915744854224964');
INSERT INTO `table_cources` VALUES ('51239610471574752556120', '芭蕾', '★', '芭蕾形体', '身体协调 培养情绪', '12:30:00', '13:30:00', '21964327101574247282899', '47101389251574507011770');
INSERT INTO `table_cources` VALUES ('51286310971574752556205', NULL, '★', NULL, NULL, '18:30:00', '19:30:00', '39657101421574247168608', '47101389251574507011770');
INSERT INTO `table_cources` VALUES ('51472610831574752465811', NULL, '★', NULL, NULL, '12:30:00', '13:30:00', '67341681051574247226155', '10132947561574263774261');
INSERT INTO `table_cources` VALUES ('51798623101574752556235', '芭蕾', '★', '芭蕾形体', '改善驼背 拉长线条', '19:45:00', '20:45:00', '39657101421574247168608', '47101389251574507011770');
INSERT INTO `table_cources` VALUES ('51976103241574855435395', '肚皮舞', '★', '片段/纱巾', '腰部线条 胯位分离', '18:30:00', '19:30:00', '47196108431574247199561', '54736910821574855435333');
INSERT INTO `table_cources` VALUES ('52679104131574752556291', '芭蕾', '★', '芭蕾形体', '身体协调 培养情绪', '12:30:00', '13:30:00', '47196108431574247199561', '47101389251574507011770');
INSERT INTO `table_cources` VALUES ('52718346101574752556103', '古典', '★', '片段', '协调训练 民族风情', '18:30:00', '19:30:00', '11976352101574247112256', '47101389251574507011770');
INSERT INTO `table_cources` VALUES ('52963814101574855451536', '爵士', '★', '动作片段', '训练肌肉 锻炼协调', '19:45:00', '20:45:00', '71046358971574247275310', '58910217631574855451395');
INSERT INTO `table_cources` VALUES ('5317942681574752556123', 'Hiphop', '★', '片段', '身体控制 强化力量', '12:30:00', '13:30:00', '21964327101574247282899', '47101389251574507011770');
INSERT INTO `table_cources` VALUES ('5371826491574752556408', '肚皮', '★', '片段', '腰部线条 胯位分离', '19:45:00', '20:45:00', '47196108431574247199561', '47101389251574507011770');
INSERT INTO `table_cources` VALUES ('53746891021574855435458', '爵士舞', '★', '片段/killjil', '训练肌肉 锻炼协调', '19:45:00', '20:45:00', '71046358971574247275310', '54736910821574855435333');
INSERT INTO `table_cources` VALUES ('5381692471574752465667', NULL, '★', NULL, NULL, '18:30:00', '19:30:00', '47196108431574247199561', '10132947561574263774261');
INSERT INTO `table_cources` VALUES ('54103782161574752465496', NULL, '★', NULL, NULL, '19:45:00', '20:45:00', '21964327101574247282899', '10132947561574263774261');
INSERT INTO `table_cources` VALUES ('54273108161574752545012', '肚皮舞', '★★', '成品舞/我的梦', '腰部线条 胯位分离', '13:45:00', '14:45:00', '71046358971574247275310', '14763258915744854224964');
INSERT INTO `table_cources` VALUES ('54327186101574752465739', NULL, '★', NULL, NULL, '13:45:00', '14:45:00', '51065329141574247214318', '10132947561574263774261');
INSERT INTO `table_cources` VALUES ('5623147981574752556481', NULL, '★', NULL, NULL, '12:30:00', '13:30:00', '71046358971574247275310', '47101389251574507011770');
INSERT INTO `table_cources` VALUES ('5634918271574752465796', NULL, '★', NULL, NULL, '19:45:00', '20:45:00', '51065329141574247214318', '10132947561574263774261');
INSERT INTO `table_cources` VALUES ('56831024191574855435380', '民间舞', '★★', '成品舞/小看戏', '释放情绪 感受文化', '19:45:00', '20:45:00', '39657101421574247168608', '54736910821574855435333');
INSERT INTO `table_cources` VALUES ('5782934611574855451395', '钢管', '★', '组合片段', '性感曲线 臂力核心', '18:30:00', '19:30:00', '11976352101574247112256', '58910217631574855451395');
INSERT INTO `table_cources` VALUES ('57984103211574752544675', '尊巴', '★', '活力踏板', '肌肉紧致 燃烧脂肪', '18:30:00', '19:30:00', '21964327101574247282899', '14763258915744854224964');
INSERT INTO `table_cources` VALUES ('58462101791574855451520', NULL, '★', NULL, NULL, '12:30:00', '13:30:00', '71046358971574247275310', '58910217631574855451395');
INSERT INTO `table_cources` VALUES ('58493106171574855435380', NULL, '★', NULL, NULL, '18:30:00', '19:30:00', '39657101421574247168608', '54736910821574855435333');
INSERT INTO `table_cources` VALUES ('59186431021574752556301', '钢管', '★', '片段', '塑造曲线 完美身材', '18:30:00', '19:30:00', '47196108431574247199561', '47101389251574507011770');
INSERT INTO `table_cources` VALUES ('59248610311574752544614', '尊巴', '★', '动感卷腹', '性感曲线 核心练习', '18:30:00', '19:30:00', '11976352101574247112256', '14763258915744854224964');
INSERT INTO `table_cources` VALUES ('59810764211574752556066', '古典', '★★', '成品', '协调训练 民族风情', '12:30:00', '13:30:00', '11976352101574247112256', '47101389251574507011770');
INSERT INTO `table_cources` VALUES ('59863472101574752544930', NULL, '★', NULL, NULL, '12:30:00', '13:30:00', '67341681051574247226155', '14763258915744854224964');
INSERT INTO `table_cources` VALUES ('61017328491574752544968', '肚皮舞', '★★', '成品舞/我的梦', '腰部线条 胯位分离', '19:45:00', '20:45:00', '67341681051574247226155', '14763258915744854224964');
INSERT INTO `table_cources` VALUES ('61032794581574752556306', '街舞', '★', '片段', '身体控制 强化力量', '18:30:00', '19:30:00', '47196108431574247199561', '47101389251574507011770');
INSERT INTO `table_cources` VALUES ('61043872191574855435364', '爵士舞', '★', '片段/killjil', '训练肌肉 锻炼协调', '18:30:00', '19:30:00', '21964327101574247282899', '54736910821574855435333');
INSERT INTO `table_cources` VALUES ('61092738451574855435458', NULL, '★', NULL, NULL, '18:30:00', '19:30:00', '71046358971574247275310', '54736910821574855435333');
INSERT INTO `table_cources` VALUES ('61102947581574855435426', '芭蕾舞', '★', '芭蕾形体', '改善驼背 拉长线条', '19:45:00', '20:45:00', '51065329141574247214318', '54736910821574855435333');
INSERT INTO `table_cources` VALUES ('61285379101574752465638', NULL, '★', NULL, NULL, '12:30:00', '13:30:00', '47196108431574247199561', '10132947561574263774261');
INSERT INTO `table_cources` VALUES ('6139847521574752544892', '爵士舞', '★', '片段/wasabi', '训练肌肉 锻炼协调', '19:45:00', '20:45:00', '51065329141574247214318', '14763258915744854224964');
INSERT INTO `table_cources` VALUES ('61492381071574752465628', NULL, '★', NULL, NULL, '19:45:00', '20:45:00', '39657101421574247168608', '10132947561574263774261');
INSERT INTO `table_cources` VALUES ('61548210931574752556288', '爵士', '★', '片段', '身体控制 强化力量', '12:30:00', '13:30:00', '47196108431574247199561', '47101389251574507011770');
INSERT INTO `table_cources` VALUES ('61784910231574855451536', NULL, '★', NULL, NULL, '18:30:00', '19:30:00', '71046358971574247275310', '58910217631574855451395');
INSERT INTO `table_cources` VALUES ('61987102351574752545034', NULL, '★', NULL, NULL, '19:45:00', '20:45:00', '71046358971574247275310', '14763258915744854224964');
INSERT INTO `table_cources` VALUES ('62194378101574855435364', '钢管舞', '★', '片段/提线木偶', '性感曲线 臂力核心', '19:45:00', '20:45:00', '21964327101574247282899', '54736910821574855435333');
INSERT INTO `table_cources` VALUES ('62410138591574855451458', '民族', '★', '基础片段', '训练协调 感受文化', '18:30:00', '19:30:00', '39657101421574247168608', '58910217631574855451395');
INSERT INTO `table_cources` VALUES ('63271541081574752465407', NULL, '★', NULL, NULL, '19:45:00', '20:45:00', '11976352101574247112256', '10132947561574263774261');
INSERT INTO `table_cources` VALUES ('63428517101574855435442', '爵士舞', '★★', '成品舞/I do', '训练肌肉 锻炼协调', '19:45:00', '20:45:00', '67341681051574247226155', '54736910821574855435333');
INSERT INTO `table_cources` VALUES ('63581249101574855451520', NULL, '★', NULL, NULL, '18:30:00', '19:30:00', '67341681051574247226155', '58910217631574855451395');
INSERT INTO `table_cources` VALUES ('63810125971574752544826', '爵士舞', '★★', '成品舞/潇洒小姐', '训练肌肉 锻炼协调', '19:45:00', '20:45:00', '47196108431574247199561', '14763258915744854224964');
INSERT INTO `table_cources` VALUES ('64103581921574752556298', '古典', '★★', '成品', '协调训练 民族风情', '18:30:00', '19:30:00', '47196108431574247199561', '47101389251574507011770');
INSERT INTO `table_cources` VALUES ('64371095211574855451395', '瑜伽', '★', '流瑜伽', '减压养心 理疗纤体', '13:45:00', '14:45:00', '11976352101574247112256', '58910217631574855451395');
INSERT INTO `table_cources` VALUES ('65102397181574752556457', '古典', '★', '片段', '协调训练 民族风情', '18:30:00', '19:30:00', '67341681051574247226155', '47101389251574507011770');
INSERT INTO `table_cources` VALUES ('65142107831574855451395', NULL, '★', NULL, NULL, '12:30:00', '13:30:00', '11976352101574247112256', '58910217631574855451395');
INSERT INTO `table_cources` VALUES ('67105493811574855435380', '爵士舞', '★', '成品舞/depend', '训练肌肉 锻炼协调', '12:30:00', '13:30:00', '39657101421574247168608', '54736910821574855435333');
INSERT INTO `table_cources` VALUES ('67138491021574855435411', '肚皮舞', '★★', '成品舞/baladi', '腰部线条 胯位分离', '12:30:00', '13:30:00', '51065329141574247214318', '54736910821574855435333');
INSERT INTO `table_cources` VALUES ('67153210841574752465921', NULL, '★', NULL, NULL, '19:45:00', '20:45:00', '67341681051574247226155', '10132947561574263774261');
INSERT INTO `table_cources` VALUES ('67593281041574855435426', '钢管舞', '★', '片段/my past', '性感曲线 臂力核心', '19:45:00', '20:45:00', '51065329141574247214318', '54736910821574855435333');
INSERT INTO `table_cources` VALUES ('68105723911574752556137', '爵士', '★★', '成品', '身体控制 强化力量', '18:30:00', '19:30:00', '21964327101574247282899', '47101389251574507011770');
INSERT INTO `table_cources` VALUES ('68172391041574752544684', '瑜伽', '★', '流瑜伽', '减压养心 理疗纤体', '18:30:00', '19:30:00', '21964327101574247282899', '14763258915744854224964');
INSERT INTO `table_cources` VALUES ('6821954731574752544632', '芭蕾舞', '★', '芭蕾形体', '改善驼背 拉长线条', '18:30:00', '19:30:00', '11976352101574247112256', '14763258915744854224964');
INSERT INTO `table_cources` VALUES ('68241571031574752556438', NULL, '★', NULL, NULL, '19:45:00', '20:45:00', '51065329141574247214318', '47101389251574507011770');
INSERT INTO `table_cources` VALUES ('68421107951574752544955', '古典舞', '★', '片段/情字难', '情感抒发 提升呼吸', '19:45:00', '20:45:00', '67341681051574247226155', '14763258915744854224964');
INSERT INTO `table_cources` VALUES ('6851724391574855435364', '民族', '★', '片段/维族', '释放情绪 感受文化', '19:45:00', '20:45:00', '21964327101574247282899', '54736910821574855435333');
INSERT INTO `table_cources` VALUES ('68710542391574855451504', NULL, '★', NULL, NULL, '12:30:00', '13:30:00', '67341681051574247226155', '58910217631574855451395');
INSERT INTO `table_cources` VALUES ('69134102751574775282512', NULL, '★', NULL, NULL, '19:45:00', '20:45:00', '67341681051574247226155', '10132947561574263774261');
INSERT INTO `table_cources` VALUES ('6932478151574855435395', 'hip hop', '★', '片段', '训练肌肉 锻炼协调', '13:45:00', '14:45:00', '47196108431574247199561', '54736910821574855435333');
INSERT INTO `table_cources` VALUES ('69357218101574752544863', NULL, '★', NULL, NULL, '19:45:00', '20:45:00', '51065329141574247214318', '14763258915744854224964');
INSERT INTO `table_cources` VALUES ('69410513781574752556163', '钢管', '★★★', '片段', '塑造曲线 秀s身材', '19:45:00', '20:45:00', '21964327101574247282899', '47101389251574507011770');
INSERT INTO `table_cources` VALUES ('71053641821574752544936', NULL, '★', NULL, NULL, '12:30:00', '13:30:00', '67341681051574247226155', '14763258915744854224964');
INSERT INTO `table_cources` VALUES ('72169104381574752465930', NULL, '★', NULL, NULL, '19:45:00', '20:45:00', '67341681051574247226155', '10132947561574263774261');
INSERT INTO `table_cources` VALUES ('7253481691574752556098', '芭蕾', '★', '芭蕾形体', '改善驼背 拉长线条', '18:30:00', '19:30:00', '11976352101574247112256', '47101389251574507011770');
INSERT INTO `table_cources` VALUES ('72945106831574855435333', '爵士舞', '★', '片段/lonely', '情感抒发 提升呼吸', '12:30:00', '13:30:00', '11976352101574247112256', '54736910821574855435333');
INSERT INTO `table_cources` VALUES ('73516981041574752544856', '尊巴', '★', '动感卷腹', '性感曲线 核心练习', '18:30:00', '19:30:00', '51065329141574247214318', '14763258915744854224964');
INSERT INTO `table_cources` VALUES ('73921061841574855435348', '肚皮舞', '★', '片段/pop son', '腰部线条 胯位分离', '13:45:00', '14:45:00', '11976352101574247112256', '54736910821574855435333');
INSERT INTO `table_cources` VALUES ('73981210541574752544846', '瑜伽', '★', '塑身瑜伽', '减压养心 理疗纤体', '12:30:00', '13:30:00', '51065329141574247214318', '14763258915744854224964');
INSERT INTO `table_cources` VALUES ('74102538961574752465751', NULL, '★', NULL, NULL, '18:30:00', '19:30:00', '51065329141574247214318', '10132947561574263774261');
INSERT INTO `table_cources` VALUES ('74231851061574752544837', NULL, '★', NULL, NULL, '19:45:00', '20:45:00', '47196108431574247199561', '14763258915744854224964');
INSERT INTO `table_cources` VALUES ('74586102311574752556084', '爵士', '★', '片段', '身体控制 强化力量', '13:45:00', '14:45:00', '11976352101574247112256', '47101389251574507011770');
INSERT INTO `table_cources` VALUES ('74819610521574752465425', NULL, '★', NULL, NULL, '12:30:00', '13:30:00', '21964327101574247282899', '10132947561574263774261');
INSERT INTO `table_cources` VALUES ('75418691031574855451458', '尊巴', '★', '动感卷腹', '性感曲线 核心练习', '12:30:00', '13:30:00', '39657101421574247168608', '58910217631574855451395');
INSERT INTO `table_cources` VALUES ('75631089121574752465892', NULL, '★', NULL, NULL, '18:30:00', '19:30:00', '67341681051574247226155', '10132947561574263774261');
INSERT INTO `table_cources` VALUES ('75869411021574855451504', '瑜伽', '★', '塑形瑜伽', '减压养心 理疗纤体', '19:45:00', '20:45:00', '51065329141574247214318', '58910217631574855451395');
INSERT INTO `table_cources` VALUES ('75943628101574752465414', NULL, '★', NULL, NULL, '19:45:00', '20:45:00', '11976352101574247112256', '10132947561574263774261');
INSERT INTO `table_cources` VALUES ('76108345291574752556429', '肚皮', '★★', '成品', '腰部线条 胯位分离', '18:30:00', '19:30:00', '51065329141574247214318', '47101389251574507011770');
INSERT INTO `table_cources` VALUES ('76109258411574752544841', NULL, '★', NULL, NULL, '12:30:00', '13:30:00', '51065329141574247214318', '14763258915744854224964');
INSERT INTO `table_cources` VALUES ('7825613941574752544811', '肚皮舞', '★★', '成品舞/我的梦', '腰部线条 胯位分离', '18:30:00', '19:30:00', '47196108431574247199561', '14763258915744854224964');
INSERT INTO `table_cources` VALUES ('78321051961574752556109', NULL, '★', NULL, NULL, '19:45:00', '20:45:00', '11976352101574247112256', '47101389251574507011770');
INSERT INTO `table_cources` VALUES ('78410531961574855435395', '瑜伽', '★', '流瑜伽', '减压养心 理疗纤体', '12:30:00', '13:30:00', '47196108431574247199561', '54736910821574855435333');
INSERT INTO `table_cources` VALUES ('7852436911574855435348', '民间舞', '★★', '成品舞/小看戏', '释放情绪 感受文化', '12:30:00', '13:30:00', '11976352101574247112256', '54736910821574855435333');
INSERT INTO `table_cources` VALUES ('79581026141574752465689', NULL, '★', NULL, NULL, '18:30:00', '19:30:00', '47196108431574247199561', '10132947561574263774261');
INSERT INTO `table_cources` VALUES ('79810231561574752556278', '钢管', '★★', '成品', '塑造曲线 完美身材', '19:45:00', '20:45:00', '39657101421574247168608', '47101389251574507011770');
INSERT INTO `table_cources` VALUES ('81017659321574855451473', NULL, '★', NULL, NULL, '12:30:00', '13:30:00', '47196108431574247199561', '58910217631574855451395');
INSERT INTO `table_cources` VALUES ('81037416951574752544645', NULL, '★', NULL, NULL, '19:45:00', '20:45:00', '11976352101574247112256', '14763258915744854224964');
INSERT INTO `table_cources` VALUES ('81047613291574855435442', NULL, '★', NULL, NULL, '19:45:00', '20:45:00', '67341681051574247226155', '54736910821574855435333');
INSERT INTO `table_cources` VALUES ('81074693251574752544816', '瑜伽', '★', '阴瑜伽', '减压养心 理疗纤体', '18:30:00', '19:30:00', '47196108431574247199561', '14763258915744854224964');
INSERT INTO `table_cources` VALUES ('81096435721574855451504', NULL, '★', NULL, NULL, '19:45:00', '20:45:00', '51065329141574247214318', '58910217631574855451395');
INSERT INTO `table_cources` VALUES ('81527461091574855435364', NULL, '★', NULL, NULL, '18:30:00', '19:30:00', '21964327101574247282899', '54736910821574855435333');
INSERT INTO `table_cources` VALUES ('82194107351574752544580', '肚皮舞', '★★', '成品舞/我的梦', '腰部线条 胯位分离', '13:45:00', '14:45:00', '11976352101574247112256', '14763258915744854224964');
INSERT INTO `table_cources` VALUES ('8239716541574752544637', '古典舞', '★★', '成品舞/天下无双', '情感抒发 提升呼吸', '19:45:00', '20:45:00', '11976352101574247112256', '14763258915744854224964');
INSERT INTO `table_cources` VALUES ('82710943511574752556154', '古典', '★★', '成品', '协调训练 民族风情', '19:45:00', '20:45:00', '21964327101574247282899', '47101389251574507011770');
INSERT INTO `table_cources` VALUES ('82795311061574855435348', '芭蕾舞', '★', '芭蕾形体', '改善驼背 拉长线条', '19:45:00', '20:45:00', '11976352101574247112256', '54736910821574855435333');
INSERT INTO `table_cources` VALUES ('83104962571574752556195', '民族', '★★', '成品', '协调训练 民族风情', '12:30:00', '13:30:00', '39657101421574247168608', '47101389251574507011770');
INSERT INTO `table_cources` VALUES ('8315947621574752556435', '爵士', '★', '片段', '身体控制 强化力量', '19:45:00', '20:45:00', '51065329141574247214318', '47101389251574507011770');
INSERT INTO `table_cources` VALUES ('83671049511574855435411', '古典舞', '★', '片段/千里之外', '情感抒发 提升呼吸', '12:30:00', '13:30:00', '51065329141574247214318', '54736910821574855435333');
INSERT INTO `table_cources` VALUES ('83751210691574752556454', '芭蕾', '★', '芭蕾形体', '身体协调 培养情绪', '13:45:00', '14:45:00', '67341681051574247226155', '47101389251574507011770');
INSERT INTO `table_cources` VALUES ('84102937651574855451520', '民族', '★', '基础片段', '训练协调 感受文化', '19:45:00', '20:45:00', '67341681051574247226155', '58910217631574855451395');
INSERT INTO `table_cources` VALUES ('84196521071574752556130', '肚皮', '★★★', '片段', '腰部线条 胯位分离', '18:30:00', '19:30:00', '21964327101574247282899', '47101389251574507011770');
INSERT INTO `table_cources` VALUES ('84317109651574855451458', NULL, '★', NULL, NULL, '18:30:00', '19:30:00', '39657101421574247168608', '58910217631574855451395');
INSERT INTO `table_cources` VALUES ('8431729651574752556487', 'Hiphop', '★', '片段', '身体控制 强化力量', '13:45:00', '14:45:00', '71046358971574247275310', '47101389251574507011770');
INSERT INTO `table_cources` VALUES ('84369105211574752544723', '爵士舞', '★', '成品舞/clock', '训练肌肉 锻炼协调', '18:30:00', '19:30:00', '39657101421574247168608', '14763258915744854224964');
INSERT INTO `table_cources` VALUES ('84910216371574752556076', '肚皮', '★★', '成品', '腰部线条 胯位分离', '12:30:00', '13:30:00', '11976352101574247112256', '47101389251574507011770');
INSERT INTO `table_cources` VALUES ('85127491061574752544790', '民间舞', '★★', '东北秧歌', '训练协调 感受文化', '19:45:00', '20:45:00', '39657101421574247168608', '14763258915744854224964');
INSERT INTO `table_cources` VALUES ('85193710241574752544853', '肚皮舞', '★', '片段/shaabi', '腰部线条 胯位分离', '18:30:00', '19:30:00', '51065329141574247214318', '14763258915744854224964');
INSERT INTO `table_cources` VALUES ('85379426101574752465601', NULL, '★', NULL, NULL, '19:45:00', '20:45:00', '39657101421574247168608', '10132947561574263774261');
INSERT INTO `table_cources` VALUES ('85932171061574855451411', '爵士', '★', '动作片段', '训练肌肉 锻炼协调', '19:45:00', '20:45:00', '11976352101574247112256', '58910217631574855451395');
INSERT INTO `table_cources` VALUES ('86109453271574855451504', NULL, '★', NULL, NULL, '12:30:00', '13:30:00', '67341681051574247226155', '58910217631574855451395');
INSERT INTO `table_cources` VALUES ('86310951421574752465718', NULL, '★', NULL, NULL, '19:45:00', '20:45:00', '47196108431574247199561', '10132947561574263774261');
INSERT INTO `table_cources` VALUES ('86924110731574855435442', '肚皮舞', '★★', '成品/baladi', '腰部线条 胯位分离', '13:45:00', '14:45:00', '67341681051574247226155', '54736910821574855435333');
INSERT INTO `table_cources` VALUES ('87293415101574752544692', NULL, '★', NULL, NULL, '19:45:00', '20:45:00', '21964327101574247282899', '14763258915744854224964');
INSERT INTO `table_cources` VALUES ('8769521431574855435380', '爵士舞', '★', '片段/lonely', '训练肌肉 锻炼协调', '18:30:00', '19:30:00', '39657101421574247168608', '54736910821574855435333');
INSERT INTO `table_cources` VALUES ('89463710151574752556463', '钢管', '★★', '成品', '塑造曲线 完美身材', '19:45:00', '20:45:00', '67341681051574247226155', '47101389251574507011770');
INSERT INTO `table_cources` VALUES ('89517346101574855435411', NULL, '★', NULL, NULL, '18:30:00', '19:30:00', '47196108431574247199561', '54736910821574855435333');
INSERT INTO `table_cources` VALUES ('89526103141574855451536', NULL, '★', NULL, NULL, '19:45:00', '20:45:00', '71046358971574247275310', '58910217631574855451395');
INSERT INTO `table_cources` VALUES ('89623171041574855435458', NULL, '★', NULL, NULL, '19:45:00', '20:45:00', '71046358971574247275310', '54736910821574855435333');
INSERT INTO `table_cources` VALUES ('89710451321574752544849', '古典舞', '★★', '成品舞/天下无双', '情感抒发 提升呼吸', '13:45:00', '14:45:00', '51065329141574247214318', '14763258915744854224964');
INSERT INTO `table_cources` VALUES ('89751032611574855435442', NULL, '★', NULL, NULL, '12:30:00', '13:30:00', '71046358971574247275310', '54736910821574855435333');
INSERT INTO `table_cources` VALUES ('91024376851574855435395', '钢管舞', '★', '片段/me too', '性感曲线 臂力核心', '19:45:00', '20:45:00', '39657101421574247168608', '54736910821574855435333');
INSERT INTO `table_cources` VALUES ('91041238671574752544794', NULL, '★', NULL, NULL, '12:30:00', '13:30:00', '47196108431574247199561', '14763258915744854224964');
INSERT INTO `table_cources` VALUES ('91053246781574752544575', NULL, '★', NULL, NULL, '12:30:00', '13:30:00', '11976352101574247112256', '14763258915744854224964');
INSERT INTO `table_cources` VALUES ('91056823411574855435348', '钢管舞', '★★', '成品舞/扇子', '性感曲线 臂力核心', '18:30:00', '19:30:00', '11976352101574247112256', '54736910821574855435333');
INSERT INTO `table_cources` VALUES ('91085217431574855451442', NULL, '★', NULL, NULL, '19:45:00', '20:45:00', '21964327101574247282899', '58910217631574855451395');
INSERT INTO `table_cources` VALUES ('91362478101574855451411', '民族', '★★', '成品', '训练协调 感受文化', '19:45:00', '20:45:00', '11976352101574247112256', '58910217631574855451395');
INSERT INTO `table_cources` VALUES ('91486321071574752556466', NULL, '★', NULL, NULL, '19:45:00', '20:45:00', '67341681051574247226155', '47101389251574507011770');
INSERT INTO `table_cources` VALUES ('9157346281574752544887', '芭蕾舞', '★', '芭蕾形体', '改善驼背 拉长线条', '19:45:00', '20:45:00', '51065329141574247214318', '14763258915744854224964');
INSERT INTO `table_cources` VALUES ('91845106321574752556146', NULL, '★', NULL, NULL, '18:30:00', '19:30:00', '21964327101574247282899', '47101389251574507011770');
INSERT INTO `table_cources` VALUES ('92101467381574855451489', NULL, '★', NULL, NULL, '12:30:00', '13:30:00', '51065329141574247214318', '58910217631574855451395');
INSERT INTO `table_cources` VALUES ('92148107351574855451411', NULL, '★', NULL, NULL, '19:45:00', '20:45:00', '11976352101574247112256', '58910217631574855451395');
INSERT INTO `table_cources` VALUES ('92176310541574855435348', '', '★', '', '', '18:30:00', '19:30:00', '11976352101574247112256', '54736910821574855435333');
INSERT INTO `table_cources` VALUES ('92310741681574855451520', NULL, '★', NULL, NULL, '19:45:00', '20:45:00', '67341681051574247226155', '58910217631574855451395');
INSERT INTO `table_cources` VALUES ('92456103711574855435348', '爵士舞', '★★', '成品舞/I do', '训练肌肉 锻炼协调', '19:45:00', '20:45:00', '11976352101574247112256', '54736910821574855435333');
INSERT INTO `table_cources` VALUES ('92865731041574855451473', '民族', '★★', '成品', '训练协调 感受文化', '13:45:00', '14:45:00', '47196108431574247199561', '58910217631574855451395');
INSERT INTO `table_cources` VALUES ('93110564781574752556172', '民族', '★★', '成品', '节奏抒发 提升气息', '19:45:00', '20:45:00', '21964327101574247282899', '47101389251574507011770');
INSERT INTO `table_cources` VALUES ('93154210671574752464933', NULL, '★', NULL, NULL, '12:30:00', '13:30:00', '11976352101574247112256', '10132947561574263774261');
INSERT INTO `table_cources` VALUES ('93210654781574752544976', NULL, '★', NULL, NULL, '19:45:00', '20:45:00', '67341681051574247226155', '14763258915744854224964');
INSERT INTO `table_cources` VALUES ('93274105161574752544940', '爵士舞', '★', '成品舞/clock', '训练肌肉 锻炼协调', '13:45:00', '14:45:00', '67341681051574247226155', '14763258915744854224964');
INSERT INTO `table_cources` VALUES ('93541210681574855451458', NULL, '★', NULL, NULL, '12:30:00', '13:30:00', '39657101421574247168608', '58910217631574855451395');
INSERT INTO `table_cources` VALUES ('93547861021574752544780', NULL, '★', NULL, NULL, '19:45:00', '20:45:00', '39657101421574247168608', '14763258915744854224964');
INSERT INTO `table_cources` VALUES ('93617842101574752556432', '钢管', '★', '片段', '塑造曲线 完美身材', '18:30:00', '19:30:00', '51065329141574247214318', '47101389251574507011770');
INSERT INTO `table_cources` VALUES ('9417628351574752556201', '爵士', '★★', '成品', '身体控制 强化力量', '13:45:00', '14:45:00', '39657101421574247168608', '47101389251574507011770');
INSERT INTO `table_cources` VALUES ('94210837511574855435364', 'popping', '★', '片段', '训练肌肉 锻炼协调', '12:30:00', '13:30:00', '21964327101574247282899', '54736910821574855435333');
INSERT INTO `table_cources` VALUES ('94271631081574855451442', NULL, '★', NULL, NULL, '18:30:00', '19:30:00', '21964327101574247282899', '58910217631574855451395');
INSERT INTO `table_cources` VALUES ('94523871101574752465618', NULL, '★', NULL, NULL, '19:45:00', '20:45:00', '39657101421574247168608', '10132947561574263774261');
INSERT INTO `table_cources` VALUES ('95102347861574855451458', '瑜伽', '★', '阴瑜伽', '减压养心 理疗纤体', '19:45:00', '20:45:00', '39657101421574247168608', '58910217631574855451395');
INSERT INTO `table_cources` VALUES ('95431021781574855451473', NULL, '★', NULL, NULL, '19:45:00', '20:45:00', '39657101421574247168608', '58910217631574855451395');
INSERT INTO `table_cources` VALUES ('9614735821574855451473', '爵士', '★', '动作片段', '训练肌肉 锻炼协调', '18:30:00', '19:30:00', '47196108431574247199561', '58910217631574855451395');
INSERT INTO `table_cources` VALUES ('97543182101574752544822', '古典舞', '★', '片段/情字难', '情感抒发 提升呼吸', '18:30:00', '19:30:00', '47196108431574247199561', '14763258915744854224964');
INSERT INTO `table_cources` VALUES ('98143610521574855435442', NULL, '★', NULL, NULL, '12:30:00', '13:30:00', '71046358971574247275310', '54736910821574855435333');
INSERT INTO `table_cources` VALUES ('98273651041574752465988', NULL, '★', NULL, NULL, '19:45:00', '20:45:00', '71046358971574247275310', '10132947561574263774261');
INSERT INTO `table_cources` VALUES ('98421075161574855451473', NULL, '★', NULL, NULL, '18:30:00', '19:30:00', '47196108431574247199561', '58910217631574855451395');

-- ----------------------------
-- Table structure for table_images
-- ----------------------------
DROP TABLE IF EXISTS `table_images`;
CREATE TABLE `table_images`  (
  `id` int(11) NOT NULL AUTO_INCREMENT COMMENT 'ID',
  `src` varchar(255) CHARACTER SET utf8 COLLATE utf8_general_ci NULL DEFAULT NULL COMMENT '图片路径',
  `storeid` varchar(255) CHARACTER SET utf8 COLLATE utf8_general_ci NULL DEFAULT NULL COMMENT '门店ID',
  PRIMARY KEY (`id`) USING BTREE,
  INDEX `storeid`(`storeid`) USING BTREE,
  CONSTRAINT `table_images_ibfk_1` FOREIGN KEY (`storeid`) REFERENCES `storefront` (`id`) ON DELETE RESTRICT ON UPDATE RESTRICT
) ENGINE = InnoDB AUTO_INCREMENT = 8 CHARACTER SET = utf8 COLLATE = utf8_general_ci ROW_FORMAT = Dynamic;

-- ----------------------------
-- Records of table_images
-- ----------------------------
INSERT INTO `table_images` VALUES (3, NULL, '10132947561574263774261');
INSERT INTO `table_images` VALUES (4, NULL, '14763258915744854224964');
INSERT INTO `table_images` VALUES (5, NULL, '47101389251574507011770');
INSERT INTO `table_images` VALUES (6, NULL, '54736910821574855435333');
INSERT INTO `table_images` VALUES (7, NULL, '58910217631574855451395');

-- ----------------------------
-- Table structure for week
-- ----------------------------
DROP TABLE IF EXISTS `week`;
CREATE TABLE `week`  (
  `id` varchar(255) CHARACTER SET utf8 COLLATE utf8_general_ci NOT NULL COMMENT '星期ID',
  `describe` varchar(255) CHARACTER SET utf8 COLLATE utf8_general_ci NULL DEFAULT NULL COMMENT '描述',
  `english` varchar(255) CHARACTER SET utf8 COLLATE utf8_general_ci NULL DEFAULT NULL COMMENT '英文',
  PRIMARY KEY (`id`) USING BTREE
) ENGINE = InnoDB CHARACTER SET = utf8 COLLATE = utf8_general_ci ROW_FORMAT = Compact;

-- ----------------------------
-- Records of week
-- ----------------------------
INSERT INTO `week` VALUES ('11976352101574247112256', '星期一', 'monday');
INSERT INTO `week` VALUES ('21964327101574247282899', '星期二', 'tuesday');
INSERT INTO `week` VALUES ('39657101421574247168608', '星期三', 'wednesday');
INSERT INTO `week` VALUES ('47196108431574247199561', '星期四', 'thursday');
INSERT INTO `week` VALUES ('51065329141574247214318', '星期五', 'friday');
INSERT INTO `week` VALUES ('67341681051574247226155', '星期六', 'saturday');
INSERT INTO `week` VALUES ('71046358971574247275310', '星期天', 'sunday');

SET FOREIGN_KEY_CHECKS = 1;
