/*
 Navicat Premium Data Transfer

 Source Server         : YANG
 Source Server Type    : MySQL
 Source Server Version : 80011
 Source Host           : localhost:3306
 Source Schema         : topshow_cources

 Target Server Type    : MySQL
 Target Server Version : 80011
 File Encoding         : 65001

 Date: 28/11/2019 17:00:40
*/

SET NAMES utf8mb4;
SET FOREIGN_KEY_CHECKS = 0;

-- ----------------------------
-- Table structure for admin
-- ----------------------------
DROP TABLE IF EXISTS `admin`;
CREATE TABLE `admin`  (
  `id` varchar(255) CHARACTER SET utf8 COLLATE utf8_general_ci NOT NULL COMMENT 'ID',
  `adminname` varchar(255) CHARACTER SET utf8 COLLATE utf8_general_ci NOT NULL COMMENT '管理员账号',
  `password` varchar(255) CHARACTER SET utf8 COLLATE utf8_general_ci NOT NULL COMMENT '管理员密码',
  `phone` varchar(255) CHARACTER SET utf8 COLLATE utf8_general_ci NULL DEFAULT NULL COMMENT '管理员手机号',
  `detail` varchar(255) CHARACTER SET utf8 COLLATE utf8_general_ci NULL DEFAULT NULL COMMENT '管理员角色',
  `status` varchar(255) CHARACTER SET utf8 COLLATE utf8_general_ci NULL DEFAULT NULL COMMENT '管理员实际状态',
  `forceTime` datetime(0) NULL DEFAULT NULL COMMENT '管理生效时间',
  `lastLoginTime` datetime(0) NULL DEFAULT NULL COMMENT '上次登录时间',
  PRIMARY KEY (`id`) USING BTREE
) ENGINE = InnoDB CHARACTER SET = utf8 COLLATE = utf8_general_ci COMMENT = '管理员表' ROW_FORMAT = Compact;

-- ----------------------------
-- Records of admin
-- ----------------------------
INSERT INTO `admin` VALUES ('ADMIN7826110349', 'TOPSHOW', 'MjVmOWU3OTQzMjNiNDUzODg1ZjUxODFmMWI2MjRkMGI=', '18802927580', '超级管理员', '0', '2019-11-07 18:56:07', '2019-11-07 18:56:10');
INSERT INTO `admin` VALUES ('ADMIN9251083416', 'ADMIN@111', 'MjVmOWU3OTQzMjNiNDUzODg1ZjUxODFmMWI2MjRkMGI=', NULL, '管理员', NULL, NULL, NULL);

-- ----------------------------
-- Table structure for admin_nav
-- ----------------------------
DROP TABLE IF EXISTS `admin_nav`;
CREATE TABLE `admin_nav`  (
  `nav_id` bigint(20) NOT NULL AUTO_INCREMENT COMMENT '导航栏ID',
  `nav_parent_id` bigint(20) NULL DEFAULT 0 COMMENT '父级ID',
  `nav_title` varchar(255) CHARACTER SET utf8 COLLATE utf8_general_ci NULL DEFAULT NULL COMMENT '导航栏标题',
  `nav_url` varchar(255) CHARACTER SET utf8 COLLATE utf8_general_ci NULL DEFAULT NULL COMMENT '导航路径',
  `nav_index` varchar(255) CHARACTER SET utf8 COLLATE utf8_general_ci NULL DEFAULT NULL COMMENT '索引',
  `is_target` varchar(20) CHARACTER SET utf8 COLLATE utf8_general_ci NULL DEFAULT NULL COMMENT '是否打开新标签',
  `nav_icon` varchar(255) CHARACTER SET utf8 COLLATE utf8_general_ci NULL DEFAULT NULL COMMENT '图标',
  `nav_spread` tinyint(4) NULL DEFAULT 0 COMMENT '是否展开',
  `nav_role` varchar(255) CHARACTER SET utf8 COLLATE utf8_general_ci NULL DEFAULT NULL COMMENT '权限ID',
  PRIMARY KEY (`nav_id`) USING BTREE,
  INDEX `nav_parent_id`(`nav_parent_id`) USING BTREE,
  INDEX `nav_role`(`nav_role`) USING BTREE
) ENGINE = InnoDB AUTO_INCREMENT = 34 CHARACTER SET = utf8 COLLATE = utf8_general_ci ROW_FORMAT = Compact;

-- ----------------------------
-- Records of admin_nav
-- ----------------------------
INSERT INTO `admin_nav` VALUES (1, 0, '首页内容', '0', 'contentManagement', NULL, '&#xe63c;', 0, '1,3');
INSERT INTO `admin_nav` VALUES (2, 1, '动态课程表', 'cources/table/list', 'cources_table_list', NULL, 'icon-text', 0, '1,3');
INSERT INTO `admin_nav` VALUES (32, 1, '店面管理', 'cources/table/storefront/list', 'storefront', NULL, 'icon-text', 0, '1,3');
INSERT INTO `admin_nav` VALUES (33, 1, '管理员管理', 'cources/table/admin/list', 'adminList', NULL, 'icon-text', 0, '1,3');

-- ----------------------------
-- Table structure for storefront
-- ----------------------------
DROP TABLE IF EXISTS `storefront`;
CREATE TABLE `storefront`  (
  `id` varchar(255) CHARACTER SET utf8 COLLATE utf8_general_ci NOT NULL COMMENT '店面ID',
  `name` varchar(255) CHARACTER SET utf8 COLLATE utf8_general_ci NULL DEFAULT NULL COMMENT '店面名称',
  `admin` varchar(255) CHARACTER SET utf8 COLLATE utf8_general_ci NULL DEFAULT NULL COMMENT '管理员ID',
  PRIMARY KEY (`id`) USING BTREE,
  INDEX `admin`(`admin`) USING BTREE
) ENGINE = InnoDB CHARACTER SET = utf8 COLLATE = utf8_general_ci ROW_FORMAT = Compact;

-- ----------------------------
-- Records of storefront
-- ----------------------------
INSERT INTO `storefront` VALUES ('10132947561574263774261', '金彦舞蹈金花路店', 'ADMIN9251083416');
INSERT INTO `storefront` VALUES ('14763258915744854224964', '金彦舞蹈丰禾路店', NULL);
INSERT INTO `storefront` VALUES ('47101389251574507011770', '金彦舞蹈兰岛店', NULL);
INSERT INTO `storefront` VALUES ('51017893261574848905698', '金彦舞蹈大寨路店', NULL);
INSERT INTO `storefront` VALUES ('94821371061574919516945', '金彦舞蹈群光店', NULL);

-- ----------------------------
-- Table structure for table_cources
-- ----------------------------
DROP TABLE IF EXISTS `table_cources`;
CREATE TABLE `table_cources`  (
  `id` varchar(255) CHARACTER SET utf8 COLLATE utf8_general_ci NOT NULL COMMENT 'ID',
  `name` varchar(255) CHARACTER SET utf8 COLLATE utf8_general_ci NULL DEFAULT NULL COMMENT '课程名称',
  `star_class` varchar(255) CHARACTER SET utf8 COLLATE utf8_general_ci NULL DEFAULT NULL COMMENT '课程星级',
  `type` varchar(255) CHARACTER SET utf8 COLLATE utf8_general_ci NULL DEFAULT NULL COMMENT '舞蹈类型',
  `effect` varchar(255) CHARACTER SET utf8 COLLATE utf8_general_ci NULL DEFAULT NULL COMMENT '舞蹈作用，介绍',
  `start_time` time(0) NULL DEFAULT NULL COMMENT '课程开始时间',
  `end_time` time(0) NULL DEFAULT NULL COMMENT '结束时间',
  `week` varchar(255) CHARACTER SET utf8 COLLATE utf8_general_ci NULL DEFAULT NULL COMMENT '星期ID',
  `storefront` varchar(255) CHARACTER SET utf8 COLLATE utf8_general_ci NULL DEFAULT NULL COMMENT '店面ID',
  PRIMARY KEY (`id`) USING BTREE,
  INDEX `week`(`week`) USING BTREE,
  INDEX `table_ course_ibfk_2`(`storefront`) USING BTREE,
  CONSTRAINT `table_cources_ibfk_2` FOREIGN KEY (`storefront`) REFERENCES `storefront` (`id`) ON DELETE RESTRICT ON UPDATE RESTRICT,
  CONSTRAINT `table_cources_ibfk_3` FOREIGN KEY (`week`) REFERENCES `week` (`id`) ON DELETE RESTRICT ON UPDATE RESTRICT
) ENGINE = InnoDB CHARACTER SET = utf8 COLLATE = utf8_general_ci ROW_FORMAT = Compact;

-- ----------------------------
-- Records of table_cources
-- ----------------------------
INSERT INTO `table_cources` VALUES ('10136247891574919517112', NULL, '★', NULL, NULL, '12:30:00', '13:30:00', '51065329141574247214318', '94821371061574919516945');
INSERT INTO `table_cources` VALUES ('10235189741574848905944', NULL, '★', NULL, NULL, '12:30:00', '13:30:00', '51065329141574247214318', '51017893261574848905698');
INSERT INTO `table_cources` VALUES ('10328796451574752556232', NULL, '★', NULL, NULL, '18:30:00', '19:30:00', '39657101421574247168608', '47101389251574507011770');
INSERT INTO `table_cources` VALUES ('10367894521574752465575', NULL, '★', NULL, NULL, '18:30:00', '19:30:00', '39657101421574247168608', '10132947561574263774261');
INSERT INTO `table_cources` VALUES ('10387152941574752556415', NULL, '★', NULL, NULL, '12:30:00', '13:30:00', '51065329141574247214318', '47101389251574507011770');
INSERT INTO `table_cources` VALUES ('10398214571574848905937', NULL, '★', NULL, NULL, '19:45:00', '20:45:00', '47196108431574247199561', '51017893261574848905698');
INSERT INTO `table_cources` VALUES ('10432915761574752556420', NULL, '★', NULL, NULL, '13:45:00', '14:45:00', '51065329141574247214318', '47101389251574507011770');
INSERT INTO `table_cources` VALUES ('10453892761574752544688', NULL, '★', NULL, NULL, '19:45:00', '20:45:00', '21964327101574247282899', '14763258915744854224964');
INSERT INTO `table_cources` VALUES ('10512879631574848905866', NULL, '★', NULL, NULL, '18:30:00', '19:30:00', '39657101421574247168608', '51017893261574848905698');
INSERT INTO `table_cources` VALUES ('10521846791574752544801', NULL, '★', NULL, NULL, '12:30:00', '13:30:00', '47196108431574247199561', '14763258915744854224964');
INSERT INTO `table_cources` VALUES ('10531642981574752465823', '', '★', '', '', '12:30:00', '13:30:00', '67341681051574247226155', '10132947561574263774261');
INSERT INTO `table_cources` VALUES ('10582647911574752556451', NULL, '★', NULL, NULL, '12:30:00', '13:30:00', '67341681051574247226155', '47101389251574507011770');
INSERT INTO `table_cources` VALUES ('10615832941574848906047', NULL, '★', NULL, NULL, '19:45:00', '20:45:00', '71046358971574247275310', '51017893261574848905698');
INSERT INTO `table_cources` VALUES ('10618397451574752465958', '肚皮舞', '★', '舞蹈片段', '悬链肌肉 锻炼协调', '13:45:00', '14:45:00', '71046358971574247275310', '10132947561574263774261');
INSERT INTO `table_cources` VALUES ('10631578491574848905957', NULL, '★', NULL, NULL, '18:30:00', '19:30:00', '51065329141574247214318', '51017893261574848905698');
INSERT INTO `table_cources` VALUES ('10642758931574848905954', NULL, '★', NULL, NULL, '18:30:00', '19:30:00', '51065329141574247214318', '51017893261574848905698');
INSERT INTO `table_cources` VALUES ('10651937841574752465537', '', '★', '', '', '12:30:00', '13:30:00', '39657101421574247168608', '10132947561574263774261');
INSERT INTO `table_cources` VALUES ('10735942681574848906009', NULL, '★', NULL, NULL, '19:45:00', '20:45:00', '67341681051574247226155', '51017893261574848905698');
INSERT INTO `table_cources` VALUES ('10735981641574848906024', NULL, '★', NULL, NULL, '18:30:00', '19:30:00', '71046358971574247275310', '51017893261574848905698');
INSERT INTO `table_cources` VALUES ('10798453211574752465436', '肚皮舞2', '★★★★', '成品舞2', '悬链肌肉 锻炼协调', '12:30:00', '13:30:00', '21964327101574247282899', '10132947561574263774261');
INSERT INTO `table_cources` VALUES ('10813267941574752465445', NULL, '★', NULL, NULL, '13:45:00', '14:45:00', '21964327101574247282899', '10132947561574263774261');
INSERT INTO `table_cources` VALUES ('10831792461574919517044', NULL, '★', NULL, NULL, '18:30:00', '19:30:00', '21964327101574247282899', '94821371061574919516945');
INSERT INTO `table_cources` VALUES ('10837642951574848905950', NULL, '★', NULL, NULL, '13:45:00', '14:45:00', '51065329141574247214318', '51017893261574848905698');
INSERT INTO `table_cources` VALUES ('10839657211574919517362', NULL, '★', NULL, NULL, '12:30:00', '13:30:00', '71046358971574247275310', '94821371061574919516945');
INSERT INTO `table_cources` VALUES ('10845971261574752544808', NULL, '★', NULL, NULL, '13:45:00', '14:45:00', '47196108431574247199561', '14763258915744854224964');
INSERT INTO `table_cources` VALUES ('10864925171574848905976', NULL, '★', NULL, NULL, '12:30:00', '13:30:00', '67341681051574247226155', '51017893261574848905698');
INSERT INTO `table_cources` VALUES ('10952714681574752556448', NULL, '★', NULL, NULL, '12:30:00', '13:30:00', '67341681051574247226155', '47101389251574507011770');
INSERT INTO `table_cources` VALUES ('11039756841574919517160', NULL, '★', NULL, NULL, '19:45:00', '20:45:00', '51065329141574247214318', '94821371061574919516945');
INSERT INTO `table_cources` VALUES ('11043697521574752464983', NULL, '★', NULL, NULL, '18:30:00', '19:30:00', '11976352101574247112256', '10132947561574263774261');
INSERT INTO `table_cources` VALUES ('11096245831574752464957', NULL, '★', NULL, NULL, '13:45:00', '14:45:00', '11976352101574247112256', '10132947561574263774261');
INSERT INTO `table_cources` VALUES ('12510478631574752465709', NULL, '★', NULL, NULL, '19:45:00', '20:45:00', '47196108431574247199561', '10132947561574263774261');
INSERT INTO `table_cources` VALUES ('12659781031574919517056', NULL, '★', NULL, NULL, '19:45:00', '20:45:00', '21964327101574247282899', '94821371061574919516945');
INSERT INTO `table_cources` VALUES ('12967105341574919517365', NULL, '★', NULL, NULL, '13:45:00', '14:45:00', '71046358971574247275310', '94821371061574919516945');
INSERT INTO `table_cources` VALUES ('13428965101574919517034', NULL, '★', NULL, NULL, '12:30:00', '13:30:00', '21964327101574247282899', '94821371061574919516945');
INSERT INTO `table_cources` VALUES ('13468102971574752465205', NULL, '★', NULL, NULL, '18:30:00', '19:30:00', '11976352101574247112256', '10132947561574263774261');
INSERT INTO `table_cources` VALUES ('13548792101574919517152', NULL, '★', NULL, NULL, '18:30:00', '19:30:00', '51065329141574247214318', '94821371061574919516945');
INSERT INTO `table_cources` VALUES ('13749610581574848905762', NULL, '★', NULL, NULL, '19:45:00', '20:45:00', '11976352101574247112256', '51017893261574848905698');
INSERT INTO `table_cources` VALUES ('14102978561574848905737', NULL, '★', NULL, NULL, '12:30:00', '13:30:00', '11976352101574247112256', '51017893261574848905698');
INSERT INTO `table_cources` VALUES ('1439728561574752544732', NULL, '★', NULL, NULL, '18:30:00', '19:30:00', '39657101421574247168608', '14763258915744854224964');
INSERT INTO `table_cources` VALUES ('14652781031574752544662', NULL, '★', NULL, NULL, '12:30:00', '13:30:00', '21964327101574247282899', '14763258915744854224964');
INSERT INTO `table_cources` VALUES ('15248107961574848906019', NULL, '★', NULL, NULL, '12:30:00', '13:30:00', '71046358971574247275310', '51017893261574848905698');
INSERT INTO `table_cources` VALUES ('15368941071574752465732', '肚皮舞5', '★★★★', '成品舞5', '悬链肌肉 锻炼协调', '12:30:00', '13:30:00', '51065329141574247214318', '10132947561574263774261');
INSERT INTO `table_cources` VALUES ('1537624981574919517038', NULL, '★', NULL, NULL, '13:45:00', '14:45:00', '21964327101574247282899', '94821371061574919516945');
INSERT INTO `table_cources` VALUES ('1543987261574752556310', NULL, '★', NULL, NULL, '19:45:00', '20:45:00', '47196108431574247199561', '47101389251574507011770');
INSERT INTO `table_cources` VALUES ('15893621071574752465671', NULL, '★', NULL, NULL, '18:30:00', '19:30:00', '47196108431574247199561', '10132947561574263774261');
INSERT INTO `table_cources` VALUES ('16108352941574752556427', NULL, '★', NULL, NULL, '18:30:00', '19:30:00', '51065329141574247214318', '47101389251574507011770');
INSERT INTO `table_cources` VALUES ('16385104971574752556295', NULL, '★', NULL, NULL, '13:45:00', '14:45:00', '47196108431574247199561', '47101389251574507011770');
INSERT INTO `table_cources` VALUES ('16579241081574752465993', NULL, '★', NULL, NULL, '19:45:00', '20:45:00', '71046358971574247275310', '10132947561574263774261');
INSERT INTO `table_cources` VALUES ('17845239101574752465699', NULL, '★', NULL, NULL, '19:45:00', '20:45:00', '47196108431574247199561', '10132947561574263774261');
INSERT INTO `table_cources` VALUES ('18105973241574752465978', NULL, '★', NULL, NULL, '19:45:00', '20:45:00', '71046358971574247275310', '10132947561574263774261');
INSERT INTO `table_cources` VALUES ('18527106941574752465552', NULL, '★', NULL, NULL, '13:45:00', '14:45:00', '39657101421574247168608', '10132947561574263774261');
INSERT INTO `table_cources` VALUES ('19538621071574919517108', NULL, '★', NULL, NULL, '19:45:00', '20:45:00', '47196108431574247199561', '94821371061574919516945');
INSERT INTO `table_cources` VALUES ('19758103241574919517101', NULL, '★', NULL, NULL, '19:45:00', '20:45:00', '47196108431574247199561', '94821371061574919516945');
INSERT INTO `table_cources` VALUES ('19871032641574919517027', NULL, '★', NULL, NULL, '12:30:00', '13:30:00', '21964327101574247282899', '94821371061574919516945');
INSERT INTO `table_cources` VALUES ('21047586391574752465565', NULL, '★', NULL, NULL, '18:30:00', '19:30:00', '39657101421574247168608', '10132947561574263774261');
INSERT INTO `table_cources` VALUES ('21048715931574752556478', NULL, '★', NULL, NULL, '12:30:00', '13:30:00', '71046358971574247275310', '47101389251574507011770');
INSERT INTO `table_cources` VALUES ('21087413951574752465786', NULL, '★', NULL, NULL, '19:45:00', '20:45:00', '51065329141574247214318', '10132947561574263774261');
INSERT INTO `table_cources` VALUES ('21410835671574848906070', NULL, '★', NULL, NULL, '19:45:00', '20:45:00', '71046358971574247275310', '51017893261574848905698');
INSERT INTO `table_cources` VALUES ('21785964101574752544650', NULL, '★', NULL, NULL, '12:30:00', '13:30:00', '21964327101574247282899', '14763258915744854224964');
INSERT INTO `table_cources` VALUES ('21786539101574919517354', NULL, '★', NULL, NULL, '19:45:00', '20:45:00', '67341681051574247226155', '94821371061574919516945');
INSERT INTO `table_cources` VALUES ('21869541071574752556127', NULL, '★', NULL, NULL, '13:45:00', '14:45:00', '21964327101574247282899', '47101389251574507011770');
INSERT INTO `table_cources` VALUES ('21893746101574752465969', NULL, '★', NULL, NULL, '18:30:00', '19:30:00', '71046358971574247275310', '10132947561574263774261');
INSERT INTO `table_cources` VALUES ('21956410731574848905753', NULL, '★', NULL, NULL, '18:30:00', '19:30:00', '11976352101574247112256', '51017893261574848905698');
INSERT INTO `table_cources` VALUES ('23108641951574752545046', NULL, '★', NULL, NULL, '19:45:00', '20:45:00', '71046358971574247275310', '14763258915744854224964');
INSERT INTO `table_cources` VALUES ('23649581071574848905960', NULL, '★', NULL, NULL, '18:30:00', '19:30:00', '51065329141574247214318', '51017893261574848905698');
INSERT INTO `table_cources` VALUES ('24678910511574752465841', NULL, '★', NULL, NULL, '18:30:00', '19:30:00', '67341681051574247226155', '10132947561574263774261');
INSERT INTO `table_cources` VALUES ('24713910681574848905885', NULL, '★', NULL, NULL, '12:30:00', '13:30:00', '47196108431574247199561', '51017893261574848905698');
INSERT INTO `table_cources` VALUES ('24791103681574752465399', NULL, '★', NULL, NULL, '19:45:00', '20:45:00', '11976352101574247112256', '10132947561574263774261');
INSERT INTO `table_cources` VALUES ('24871061391574752544720', NULL, '★', NULL, NULL, '13:45:00', '14:45:00', '39657101421574247168608', '14763258915744854224964');
INSERT INTO `table_cources` VALUES ('25610379841574919517170', NULL, '★', NULL, NULL, '12:30:00', '13:30:00', '67341681051574247226155', '94821371061574919516945');
INSERT INTO `table_cources` VALUES ('25683710191574752556536', NULL, '★', NULL, NULL, '19:45:00', '20:45:00', '71046358971574247275310', '47101389251574507011770');
INSERT INTO `table_cources` VALUES ('25843761101574752544979', NULL, '★', NULL, NULL, '12:30:00', '13:30:00', '71046358971574247275310', '14763258915744854224964');
INSERT INTO `table_cources` VALUES ('26110983571574848905917', NULL, '★', NULL, NULL, '13:45:00', '14:45:00', '47196108431574247199561', '51017893261574848905698');
INSERT INTO `table_cources` VALUES ('26310184971574752545039', NULL, '★', NULL, NULL, '19:45:00', '20:45:00', '71046358971574247275310', '14763258915744854224964');
INSERT INTO `table_cources` VALUES ('26510789431574752556505', NULL, '★', NULL, NULL, '18:30:00', '19:30:00', '71046358971574247275310', '47101389251574507011770');
INSERT INTO `table_cources` VALUES ('27510391681574752544705', NULL, '★', NULL, NULL, '12:30:00', '13:30:00', '39657101421574247168608', '14763258915744854224964');
INSERT INTO `table_cources` VALUES ('27541936101574919517006', NULL, '★', NULL, NULL, '13:45:00', '14:45:00', '11976352101574247112256', '94821371061574919516945');
INSERT INTO `table_cources` VALUES ('27581036491574919517370', NULL, '★', NULL, NULL, '18:30:00', '19:30:00', '71046358971574247275310', '94821371061574919516945');
INSERT INTO `table_cources` VALUES ('2786453191574752465591', NULL, '★', NULL, NULL, '18:30:00', '19:30:00', '39657101421574247168608', '10132947561574263774261');
INSERT INTO `table_cources` VALUES ('27865109141574752465934', '', '★', '', '', '12:30:00', '13:30:00', '71046358971574247275310', '10132947561574263774261');
INSERT INTO `table_cources` VALUES ('28131069571574848906004', NULL, '★', NULL, NULL, '18:30:00', '19:30:00', '67341681051574247226155', '51017893261574848905698');
INSERT INTO `table_cources` VALUES ('28347659101574752465463', NULL, '★', NULL, NULL, '18:30:00', '19:30:00', '21964327101574247282899', '10132947561574263774261');
INSERT INTO `table_cources` VALUES ('28410917561574752544993', NULL, '★', NULL, NULL, '12:30:00', '13:30:00', '71046358971574247275310', '14763258915744854224964');
INSERT INTO `table_cources` VALUES ('28436751011574752556180', NULL, '★', NULL, NULL, '12:30:00', '13:30:00', '39657101421574247168608', '47101389251574507011770');
INSERT INTO `table_cources` VALUES ('2846179351574919517075', NULL, '★', NULL, NULL, '19:45:00', '20:45:00', '39657101421574247168608', '94821371061574919516945');
INSERT INTO `table_cources` VALUES ('28716104591574752556546', NULL, '★', NULL, NULL, '19:45:00', '20:45:00', '71046358971574247275310', '47101389251574507011770');
INSERT INTO `table_cources` VALUES ('28915106431574752544947', NULL, '★', NULL, NULL, '18:30:00', '19:30:00', '67341681051574247226155', '14763258915744854224964');
INSERT INTO `table_cources` VALUES ('29461857101574919517314', NULL, '★', NULL, NULL, '13:45:00', '14:45:00', '67341681051574247226155', '94821371061574919516945');
INSERT INTO `table_cources` VALUES ('29573104681574752465482', NULL, '★', NULL, NULL, '19:45:00', '20:45:00', '21964327101574247282899', '10132947561574263774261');
INSERT INTO `table_cources` VALUES ('29573684101574752465722', NULL, '★', NULL, NULL, '12:30:00', '13:30:00', '51065329141574247214318', '10132947561574263774261');
INSERT INTO `table_cources` VALUES ('29815671041574919517146', NULL, '★', NULL, NULL, '12:30:00', '13:30:00', '51065329141574247214318', '94821371061574919516945');
INSERT INTO `table_cources` VALUES ('31019254871574752544681', NULL, '★', NULL, NULL, '18:30:00', '19:30:00', '21964327101574247282899', '14763258915744854224964');
INSERT INTO `table_cources` VALUES ('31024679151574752465949', NULL, '★', NULL, NULL, '12:30:00', '13:30:00', '71046358971574247275310', '10132947561574263774261');
INSERT INTO `table_cources` VALUES ('31028614971574752544951', NULL, '★', NULL, NULL, '18:30:00', '19:30:00', '67341681051574247226155', '14763258915744854224964');
INSERT INTO `table_cources` VALUES ('31042189571574752556460', NULL, '★', NULL, NULL, '18:30:00', '19:30:00', '67341681051574247226155', '47101389251574507011770');
INSERT INTO `table_cources` VALUES ('31048916751574752465747', NULL, '★', NULL, NULL, '18:30:00', '19:30:00', '51065329141574247214318', '10132947561574263774261');
INSERT INTO `table_cources` VALUES ('31257108491574752544642', NULL, '★', NULL, NULL, '19:45:00', '20:45:00', '11976352101574247112256', '14763258915744854224964');
INSERT INTO `table_cources` VALUES ('3128496751574752545023', NULL, '★', NULL, NULL, '18:30:00', '19:30:00', '71046358971574247275310', '14763258915744854224964');
INSERT INTO `table_cources` VALUES ('31410869251574752544766', NULL, '★', NULL, NULL, '19:45:00', '20:45:00', '39657101421574247168608', '14763258915744854224964');
INSERT INTO `table_cources` VALUES ('31527964101574752544624', NULL, '★', NULL, NULL, '18:30:00', '19:30:00', '11976352101574247112256', '14763258915744854224964');
INSERT INTO `table_cources` VALUES ('32174105891574919517322', NULL, '★', NULL, NULL, '18:30:00', '19:30:00', '67341681051574247226155', '94821371061574919516945');
INSERT INTO `table_cources` VALUES ('32479516101574752465455', NULL, '★', NULL, NULL, '18:30:00', '19:30:00', '21964327101574247282899', '10132947561574263774261');
INSERT INTO `table_cources` VALUES ('3267849151574848906030', NULL, '★', NULL, NULL, '18:30:00', '19:30:00', '71046358971574247275310', '51017893261574848905698');
INSERT INTO `table_cources` VALUES ('34211078951574919517047', NULL, '★', NULL, NULL, '18:30:00', '19:30:00', '21964327101574247282899', '94821371061574919516945');
INSERT INTO `table_cources` VALUES ('34291875101574848905796', NULL, '★', NULL, NULL, '19:45:00', '20:45:00', '21964327101574247282899', '51017893261574848905698');
INSERT INTO `table_cources` VALUES ('34597621101574752465830', '肚皮舞', '★', '舞蹈片段', '悬链肌肉 锻炼协调', '13:45:00', '14:45:00', '67341681051574247226155', '10132947561574263774261');
INSERT INTO `table_cources` VALUES ('3475862191574752544729', NULL, '★', NULL, NULL, '18:30:00', '19:30:00', '39657101421574247168608', '14763258915744854224964');
INSERT INTO `table_cources` VALUES ('34810697151574848906006', NULL, '★', NULL, NULL, '19:45:00', '20:45:00', '67341681051574247226155', '51017893261574848905698');
INSERT INTO `table_cources` VALUES ('3481596721574919517086', NULL, '★', NULL, NULL, '12:30:00', '13:30:00', '47196108431574247199561', '94821371061574919516945');
INSERT INTO `table_cources` VALUES ('34897611051574752465475', NULL, '★', NULL, NULL, '18:30:00', '19:30:00', '21964327101574247282899', '10132947561574263774261');
INSERT INTO `table_cources` VALUES ('35691084171574848905876', NULL, '★', NULL, NULL, '19:45:00', '20:45:00', '39657101421574247168608', '51017893261574848905698');
INSERT INTO `table_cources` VALUES ('35798210641574752544830', NULL, '★', NULL, NULL, '19:45:00', '20:45:00', '47196108431574247199561', '14763258915744854224964');
INSERT INTO `table_cources` VALUES ('35912684101574752545015', NULL, '★', NULL, NULL, '18:30:00', '19:30:00', '71046358971574247275310', '14763258915744854224964');
INSERT INTO `table_cources` VALUES ('3592687141574848905988', NULL, '★', NULL, NULL, '18:30:00', '19:30:00', '67341681051574247226155', '51017893261574848905698');
INSERT INTO `table_cources` VALUES ('36109154871574752544540', NULL, '★', NULL, NULL, '12:30:00', '13:30:00', '11976352101574247112256', '14763258915744854224964');
INSERT INTO `table_cources` VALUES ('3648925171574752556474', NULL, '★', NULL, NULL, '19:45:00', '20:45:00', '67341681051574247226155', '47101389251574507011770');
INSERT INTO `table_cources` VALUES ('36854121091574752556470', NULL, '★', NULL, NULL, '19:45:00', '20:45:00', '67341681051574247226155', '47101389251574507011770');
INSERT INTO `table_cources` VALUES ('37510621891574848906012', NULL, '★', NULL, NULL, '19:45:00', '20:45:00', '67341681051574247226155', '51017893261574848905698');
INSERT INTO `table_cources` VALUES ('37810241591574919517069', NULL, '★', NULL, NULL, '18:30:00', '19:30:00', '39657101421574247168608', '94821371061574919516945');
INSERT INTO `table_cources` VALUES ('3826157491574919517042', NULL, '★', NULL, NULL, '18:30:00', '19:30:00', '21964327101574247282899', '94821371061574919516945');
INSERT INTO `table_cources` VALUES ('38710492151574752465866', NULL, '★', NULL, NULL, '18:30:00', '19:30:00', '67341681051574247226155', '10132947561574263774261');
INSERT INTO `table_cources` VALUES ('38917510421574752465651', '肚皮舞4', '★★★★', '成品舞4', '悬链肌肉 锻炼协调', '12:30:00', '13:30:00', '47196108431574247199561', '10132947561574263774261');
INSERT INTO `table_cources` VALUES ('39187461021574848905746', NULL, '★', NULL, NULL, '18:30:00', '19:30:00', '11976352101574247112256', '51017893261574848905698');
INSERT INTO `table_cources` VALUES ('41015726391574752544699', NULL, '★', NULL, NULL, '12:30:00', '13:30:00', '39657101421574247168608', '14763258915744854224964');
INSERT INTO `table_cources` VALUES ('41031695281574752556285', NULL, '★', NULL, NULL, '19:45:00', '20:45:00', '39657101421574247168608', '47101389251574507011770');
INSERT INTO `table_cources` VALUES ('41038726951574752465911', NULL, '★', NULL, NULL, '19:45:00', '20:45:00', '67341681051574247226155', '10132947561574263774261');
INSERT INTO `table_cources` VALUES ('41069851731574752556113', NULL, '★', NULL, NULL, '19:45:00', '20:45:00', '11976352101574247112256', '47101389251574507011770');
INSERT INTO `table_cources` VALUES ('41075862311574752544669', NULL, '★', NULL, NULL, '13:45:00', '14:45:00', '21964327101574247282899', '14763258915744854224964');
INSERT INTO `table_cources` VALUES ('41097235611574848906000', NULL, '★', NULL, NULL, '18:30:00', '19:30:00', '67341681051574247226155', '51017893261574848905698');
INSERT INTO `table_cources` VALUES ('41097852631574752464915', '肚皮舞1', '★', '成品舞1', '悬链肌肉 锻炼协调', '12:30:00', '13:30:00', '11976352101574247112256', '10132947561574263774261');
INSERT INTO `table_cources` VALUES ('41109385271574752465659', NULL, '★', NULL, NULL, '13:45:00', '14:45:00', '47196108431574247199561', '10132947561574263774261');
INSERT INTO `table_cources` VALUES ('41352106871574919517078', NULL, '★', NULL, NULL, '19:45:00', '20:45:00', '39657101421574247168608', '94821371061574919516945');
INSERT INTO `table_cources` VALUES ('41910587631574919517003', NULL, '★', NULL, NULL, '12:30:00', '13:30:00', '11976352101574247112256', '94821371061574919516945');
INSERT INTO `table_cources` VALUES ('41968105731574752556534', NULL, '★', NULL, NULL, '18:30:00', '19:30:00', '71046358971574247275310', '47101389251574507011770');
INSERT INTO `table_cources` VALUES ('42310975861574752545019', NULL, '★', NULL, NULL, '18:30:00', '19:30:00', '71046358971574247275310', '14763258915744854224964');
INSERT INTO `table_cources` VALUES ('42597310611574752465777', NULL, '★', NULL, NULL, '19:45:00', '20:45:00', '51065329141574247214318', '10132947561574263774261');
INSERT INTO `table_cources` VALUES ('42810736151574752465965', NULL, '★', NULL, NULL, '18:30:00', '19:30:00', '71046358971574247275310', '10132947561574263774261');
INSERT INTO `table_cources` VALUES ('43175861091574752465760', NULL, '★', NULL, NULL, '18:30:00', '19:30:00', '51065329141574247214318', '10132947561574263774261');
INSERT INTO `table_cources` VALUES ('43610275191574848905850', NULL, '★', NULL, NULL, '12:30:00', '13:30:00', '39657101421574247168608', '51017893261574848905698');
INSERT INTO `table_cources` VALUES ('43710869251574752544944', NULL, '★', NULL, NULL, '18:30:00', '19:30:00', '67341681051574247226155', '14763258915744854224964');
INSERT INTO `table_cources` VALUES ('4371592861574752556116', NULL, '★', NULL, NULL, '19:45:00', '20:45:00', '11976352101574247112256', '47101389251574507011770');
INSERT INTO `table_cources` VALUES ('43810169571574752544695', NULL, '★', NULL, NULL, '19:45:00', '20:45:00', '21964327101574247282899', '14763258915744854224964');
INSERT INTO `table_cources` VALUES ('43821576101574752465973', NULL, '★', NULL, NULL, '18:30:00', '19:30:00', '71046358971574247275310', '10132947561574263774261');
INSERT INTO `table_cources` VALUES ('45107198261574919517359', NULL, '★', NULL, NULL, '12:30:00', '13:30:00', '71046358971574247275310', '94821371061574919516945');
INSERT INTO `table_cources` VALUES ('45261071981574752556216', NULL, '★', NULL, NULL, '18:30:00', '19:30:00', '39657101421574247168608', '47101389251574507011770');
INSERT INTO `table_cources` VALUES ('45810916321574752556518', NULL, '★', NULL, NULL, '18:30:00', '19:30:00', '71046358971574247275310', '47101389251574507011770');
INSERT INTO `table_cources` VALUES ('46109837151574752465515', NULL, '★', NULL, NULL, '19:45:00', '20:45:00', '21964327101574247282899', '10132947561574263774261');
INSERT INTO `table_cources` VALUES ('46189275101574752556443', NULL, '★', NULL, NULL, '19:45:00', '20:45:00', '51065329141574247214318', '47101389251574507011770');
INSERT INTO `table_cources` VALUES ('46210897151574752556541', NULL, '★', NULL, NULL, '19:45:00', '20:45:00', '71046358971574247275310', '47101389251574507011770');
INSERT INTO `table_cources` VALUES ('46529171031574848905966', NULL, '★', NULL, NULL, '19:45:00', '20:45:00', '51065329141574247214318', '51017893261574848905698');
INSERT INTO `table_cources` VALUES ('4672853911574848905803', NULL, '★', NULL, NULL, '19:45:00', '20:45:00', '21964327101574247282899', '51017893261574848905698');
INSERT INTO `table_cources` VALUES ('46729105131574848905927', NULL, '★', NULL, NULL, '18:30:00', '19:30:00', '47196108431574247199561', '51017893261574848905698');
INSERT INTO `table_cources` VALUES ('46739158101574752556313', NULL, '★', NULL, NULL, '19:45:00', '20:45:00', '47196108431574247199561', '47101389251574507011770');
INSERT INTO `table_cources` VALUES ('47258911061574919517050', NULL, '★', NULL, NULL, '19:45:00', '20:45:00', '21964327101574247282899', '94821371061574919516945');
INSERT INTO `table_cources` VALUES ('47298106351574848905856', NULL, '★', NULL, NULL, '13:45:00', '14:45:00', '39657101421574247168608', '51017893261574848905698');
INSERT INTO `table_cources` VALUES ('47526101831574752556106', NULL, '★', NULL, NULL, '18:30:00', '19:30:00', '11976352101574247112256', '47101389251574507011770');
INSERT INTO `table_cources` VALUES ('47651910821574752556412', NULL, '★', NULL, NULL, '12:30:00', '13:30:00', '51065329141574247214318', '47101389251574507011770');
INSERT INTO `table_cources` VALUES ('4782169531574848906027', NULL, '★', NULL, NULL, '18:30:00', '19:30:00', '71046358971574247275310', '51017893261574848905698');
INSERT INTO `table_cources` VALUES ('4793581621574752465528', '肚皮舞3', '★★★', '成品舞3', '悬链肌肉 锻炼协调', '12:30:00', '13:30:00', '39657101421574247168608', '10132947561574263774261');
INSERT INTO `table_cources` VALUES ('4812397561574752465386', NULL, '★', NULL, NULL, '18:30:00', '19:30:00', '11976352101574247112256', '10132947561574263774261');
INSERT INTO `table_cources` VALUES ('51041392681574752544859', NULL, '★', NULL, NULL, '18:30:00', '19:30:00', '51065329141574247214318', '14763258915744854224964');
INSERT INTO `table_cources` VALUES ('51047921831574919517352', NULL, '★', NULL, NULL, '19:45:00', '20:45:00', '67341681051574247226155', '94821371061574919516945');
INSERT INTO `table_cources` VALUES ('51239610471574752556120', NULL, '★', NULL, NULL, '12:30:00', '13:30:00', '21964327101574247282899', '47101389251574507011770');
INSERT INTO `table_cources` VALUES ('51286310971574752556205', NULL, '★', NULL, NULL, '18:30:00', '19:30:00', '39657101421574247168608', '47101389251574507011770');
INSERT INTO `table_cources` VALUES ('51472610831574752465811', NULL, '★', NULL, NULL, '12:30:00', '13:30:00', '67341681051574247226155', '10132947561574263774261');
INSERT INTO `table_cources` VALUES ('51629781031574848905757', NULL, '★', NULL, NULL, '19:45:00', '20:45:00', '11976352101574247112256', '51017893261574848905698');
INSERT INTO `table_cources` VALUES ('51798623101574752556235', NULL, '★', NULL, NULL, '19:45:00', '20:45:00', '39657101421574247168608', '47101389251574507011770');
INSERT INTO `table_cources` VALUES ('52679104131574752556291', NULL, '★', NULL, NULL, '12:30:00', '13:30:00', '47196108431574247199561', '47101389251574507011770');
INSERT INTO `table_cources` VALUES ('52718346101574752556103', NULL, '★', NULL, NULL, '18:30:00', '19:30:00', '11976352101574247112256', '47101389251574507011770');
INSERT INTO `table_cources` VALUES ('5317942681574752556123', NULL, '★', NULL, NULL, '12:30:00', '13:30:00', '21964327101574247282899', '47101389251574507011770');
INSERT INTO `table_cources` VALUES ('53671029481574919517016', NULL, '★', NULL, NULL, '18:30:00', '19:30:00', '11976352101574247112256', '94821371061574919516945');
INSERT INTO `table_cources` VALUES ('5371826491574752556408', NULL, '★', NULL, NULL, '19:45:00', '20:45:00', '47196108431574247199561', '47101389251574507011770');
INSERT INTO `table_cources` VALUES ('5381692471574752465667', NULL, '★', NULL, NULL, '18:30:00', '19:30:00', '47196108431574247199561', '10132947561574263774261');
INSERT INTO `table_cources` VALUES ('54103782161574752465496', NULL, '★', NULL, NULL, '19:45:00', '20:45:00', '21964327101574247282899', '10132947561574263774261');
INSERT INTO `table_cources` VALUES ('54109183261574919517058', NULL, '★', NULL, NULL, '12:30:00', '13:30:00', '39657101421574247168608', '94821371061574919516945');
INSERT INTO `table_cources` VALUES ('54273108161574752545012', NULL, '★', NULL, NULL, '13:45:00', '14:45:00', '71046358971574247275310', '14763258915744854224964');
INSERT INTO `table_cources` VALUES ('54327186101574752465739', NULL, '★', NULL, NULL, '13:45:00', '14:45:00', '51065329141574247214318', '10132947561574263774261');
INSERT INTO `table_cources` VALUES ('5623147981574752556481', NULL, '★', NULL, NULL, '12:30:00', '13:30:00', '71046358971574247275310', '47101389251574507011770');
INSERT INTO `table_cources` VALUES ('5634918271574752465796', NULL, '★', NULL, NULL, '19:45:00', '20:45:00', '51065329141574247214318', '10132947561574263774261');
INSERT INTO `table_cources` VALUES ('57869110231574848905790', NULL, '★', NULL, NULL, '18:30:00', '19:30:00', '21964327101574247282899', '51017893261574848905698');
INSERT INTO `table_cources` VALUES ('5789263411574919517357', NULL, '★', NULL, NULL, '19:45:00', '20:45:00', '67341681051574247226155', '94821371061574919516945');
INSERT INTO `table_cources` VALUES ('57984103211574752544675', NULL, '★', NULL, NULL, '18:30:00', '19:30:00', '21964327101574247282899', '14763258915744854224964');
INSERT INTO `table_cources` VALUES ('58317410261574848905778', NULL, '★', NULL, NULL, '18:30:00', '19:30:00', '21964327101574247282899', '51017893261574848905698');
INSERT INTO `table_cources` VALUES ('58710239411574919517094', NULL, '★', NULL, NULL, '18:30:00', '19:30:00', '47196108431574247199561', '94821371061574919516945');
INSERT INTO `table_cources` VALUES ('58716104291574848905939', NULL, '★', NULL, NULL, '19:45:00', '20:45:00', '47196108431574247199561', '51017893261574848905698');
INSERT INTO `table_cources` VALUES ('59186431021574752556301', NULL, '★', NULL, NULL, '18:30:00', '19:30:00', '47196108431574247199561', '47101389251574507011770');
INSERT INTO `table_cources` VALUES ('59248610311574752544614', NULL, '★', NULL, NULL, '18:30:00', '19:30:00', '11976352101574247112256', '14763258915744854224964');
INSERT INTO `table_cources` VALUES ('59317421061574919517072', NULL, '★', NULL, NULL, '18:30:00', '19:30:00', '39657101421574247168608', '94821371061574919516945');
INSERT INTO `table_cources` VALUES ('5968147321574848905766', NULL, '★', NULL, NULL, '19:45:00', '20:45:00', '11976352101574247112256', '51017893261574848905698');
INSERT INTO `table_cources` VALUES ('59710168321574919517022', NULL, '★', NULL, NULL, '19:45:00', '20:45:00', '11976352101574247112256', '94821371061574919516945');
INSERT INTO `table_cources` VALUES ('59810764211574752556066', NULL, '★', NULL, NULL, '12:30:00', '13:30:00', '11976352101574247112256', '47101389251574507011770');
INSERT INTO `table_cources` VALUES ('59823611071574919517065', NULL, '★', NULL, NULL, '18:30:00', '19:30:00', '39657101421574247168608', '94821371061574919516945');
INSERT INTO `table_cources` VALUES ('59863472101574752544930', NULL, '★', NULL, NULL, '12:30:00', '13:30:00', '67341681051574247226155', '14763258915744854224964');
INSERT INTO `table_cources` VALUES ('61017328491574752544968', NULL, '★', NULL, NULL, '19:45:00', '20:45:00', '67341681051574247226155', '14763258915744854224964');
INSERT INTO `table_cources` VALUES ('61018742591574848905770', NULL, '★', NULL, NULL, '12:30:00', '13:30:00', '21964327101574247282899', '51017893261574848905698');
INSERT INTO `table_cources` VALUES ('61032794581574752556306', NULL, '★', NULL, NULL, '18:30:00', '19:30:00', '47196108431574247199561', '47101389251574507011770');
INSERT INTO `table_cources` VALUES ('61071948251574919516998', NULL, '★', NULL, NULL, '12:30:00', '13:30:00', '11976352101574247112256', '94821371061574919516945');
INSERT INTO `table_cources` VALUES ('61285379101574752465638', NULL, '★', NULL, NULL, '12:30:00', '13:30:00', '47196108431574247199561', '10132947561574263774261');
INSERT INTO `table_cources` VALUES ('6139847521574752544892', NULL, '★', NULL, NULL, '19:45:00', '20:45:00', '51065329141574247214318', '14763258915744854224964');
INSERT INTO `table_cources` VALUES ('61492381071574752465628', NULL, '★', NULL, NULL, '19:45:00', '20:45:00', '39657101421574247168608', '10132947561574263774261');
INSERT INTO `table_cources` VALUES ('61493105271574848905773', NULL, '★', NULL, NULL, '12:30:00', '13:30:00', '21964327101574247282899', '51017893261574848905698');
INSERT INTO `table_cources` VALUES ('61510247891574919517081', NULL, '★', NULL, NULL, '19:45:00', '20:45:00', '39657101421574247168608', '94821371061574919516945');
INSERT INTO `table_cources` VALUES ('61548210931574752556288', NULL, '★', NULL, NULL, '12:30:00', '13:30:00', '47196108431574247199561', '47101389251574507011770');
INSERT INTO `table_cources` VALUES ('61724105381574848906021', NULL, '★', NULL, NULL, '13:45:00', '14:45:00', '71046358971574247275310', '51017893261574848905698');
INSERT INTO `table_cources` VALUES ('61827410931574919517089', NULL, '★', NULL, NULL, '13:45:00', '14:45:00', '47196108431574247199561', '94821371061574919516945');
INSERT INTO `table_cources` VALUES ('61987102351574752545034', NULL, '★', NULL, NULL, '19:45:00', '20:45:00', '71046358971574247275310', '14763258915744854224964');
INSERT INTO `table_cources` VALUES ('62159371041574919517378', NULL, '★', NULL, NULL, '19:45:00', '20:45:00', '71046358971574247275310', '94821371061574919516945');
INSERT INTO `table_cources` VALUES ('62387410151574848905947', NULL, '★', NULL, NULL, '12:30:00', '13:30:00', '51065329141574247214318', '51017893261574848905698');
INSERT INTO `table_cources` VALUES ('63271541081574752465407', NULL, '★', NULL, NULL, '19:45:00', '20:45:00', '11976352101574247112256', '10132947561574263774261');
INSERT INTO `table_cources` VALUES ('63810125971574752544826', NULL, '★', NULL, NULL, '19:45:00', '20:45:00', '47196108431574247199561', '14763258915744854224964');
INSERT INTO `table_cources` VALUES ('6384217591574848905930', NULL, '★', NULL, NULL, '18:30:00', '19:30:00', '47196108431574247199561', '51017893261574848905698');
INSERT INTO `table_cources` VALUES ('64103581921574752556298', NULL, '★', NULL, NULL, '18:30:00', '19:30:00', '47196108431574247199561', '47101389251574507011770');
INSERT INTO `table_cources` VALUES ('64387910211574848905743', NULL, '★', NULL, NULL, '13:45:00', '14:45:00', '11976352101574247112256', '51017893261574848905698');
INSERT INTO `table_cources` VALUES ('64529810711574848906016', NULL, '★', NULL, NULL, '12:30:00', '13:30:00', '71046358971574247275310', '51017893261574848905698');
INSERT INTO `table_cources` VALUES ('64823191071574848905864', NULL, '★', NULL, NULL, '18:30:00', '19:30:00', '39657101421574247168608', '51017893261574848905698');
INSERT INTO `table_cources` VALUES ('65102397181574752556457', NULL, '★', NULL, NULL, '18:30:00', '19:30:00', '67341681051574247226155', '47101389251574507011770');
INSERT INTO `table_cources` VALUES ('65310978241574848905973', NULL, '★', NULL, NULL, '19:45:00', '20:45:00', '51065329141574247214318', '51017893261574848905698');
INSERT INTO `table_cources` VALUES ('65410821731574848906073', NULL, '★', NULL, NULL, '19:45:00', '20:45:00', '71046358971574247275310', '51017893261574848905698');
INSERT INTO `table_cources` VALUES ('67153210841574752465921', NULL, '★', NULL, NULL, '19:45:00', '20:45:00', '67341681051574247226155', '10132947561574263774261');
INSERT INTO `table_cources` VALUES ('68101397451574919517317', NULL, '★', NULL, NULL, '18:30:00', '19:30:00', '67341681051574247226155', '94821371061574919516945');
INSERT INTO `table_cources` VALUES ('68105723911574752556137', NULL, '★', NULL, NULL, '18:30:00', '19:30:00', '21964327101574247282899', '47101389251574507011770');
INSERT INTO `table_cources` VALUES ('68124793101574848905775', NULL, '★', NULL, NULL, '13:45:00', '14:45:00', '21964327101574247282899', '51017893261574848905698');
INSERT INTO `table_cources` VALUES ('68172391041574752544684', NULL, '★', NULL, NULL, '18:30:00', '19:30:00', '21964327101574247282899', '14763258915744854224964');
INSERT INTO `table_cources` VALUES ('6821954731574752544632', NULL, '★', NULL, NULL, '18:30:00', '19:30:00', '11976352101574247112256', '14763258915744854224964');
INSERT INTO `table_cources` VALUES ('68241571031574752556438', NULL, '★', NULL, NULL, '19:45:00', '20:45:00', '51065329141574247214318', '47101389251574507011770');
INSERT INTO `table_cources` VALUES ('6827459131574919517319', NULL, '★', NULL, NULL, '18:30:00', '19:30:00', '67341681051574247226155', '94821371061574919516945');
INSERT INTO `table_cources` VALUES ('68421107951574752544955', NULL, '★', NULL, NULL, '19:45:00', '20:45:00', '67341681051574247226155', '14763258915744854224964');
INSERT INTO `table_cources` VALUES ('69357218101574752544863', NULL, '★', NULL, NULL, '19:45:00', '20:45:00', '51065329141574247214318', '14763258915744854224964');
INSERT INTO `table_cources` VALUES ('69410513781574752556163', NULL, '★', NULL, NULL, '19:45:00', '20:45:00', '21964327101574247282899', '47101389251574507011770');
INSERT INTO `table_cources` VALUES ('6951432871574848905861', NULL, '★', NULL, NULL, '18:30:00', '19:30:00', '39657101421574247168608', '51017893261574848905698');
INSERT INTO `table_cources` VALUES ('69521107841574848905963', NULL, '★', NULL, NULL, '19:45:00', '20:45:00', '51065329141574247214318', '51017893261574848905698');
INSERT INTO `table_cources` VALUES ('71014985621574848905879', NULL, '★', NULL, NULL, '19:45:00', '20:45:00', '39657101421574247168608', '51017893261574848905698');
INSERT INTO `table_cources` VALUES ('71023591681574919517167', NULL, '★', NULL, NULL, '19:45:00', '20:45:00', '51065329141574247214318', '94821371061574919516945');
INSERT INTO `table_cources` VALUES ('71049518621574919517172', NULL, '★', NULL, NULL, '12:30:00', '13:30:00', '67341681051574247226155', '94821371061574919516945');
INSERT INTO `table_cources` VALUES ('71053641821574752544936', NULL, '★', NULL, NULL, '12:30:00', '13:30:00', '67341681051574247226155', '14763258915744854224964');
INSERT INTO `table_cources` VALUES ('71059214631574848905750', NULL, '★', NULL, NULL, '18:30:00', '19:30:00', '11976352101574247112256', '51017893261574848905698');
INSERT INTO `table_cources` VALUES ('71085621431574919517063', NULL, '★', NULL, NULL, '13:45:00', '14:45:00', '39657101421574247168608', '94821371061574919516945');
INSERT INTO `table_cources` VALUES ('71824961051574919517009', NULL, '★', NULL, NULL, '18:30:00', '19:30:00', '11976352101574247112256', '94821371061574919516945');
INSERT INTO `table_cources` VALUES ('72104816531574919517164', NULL, '★', NULL, NULL, '19:45:00', '20:45:00', '51065329141574247214318', '94821371061574919516945');
INSERT INTO `table_cources` VALUES ('72169104381574752465930', NULL, '★', NULL, NULL, '19:45:00', '20:45:00', '67341681051574247226155', '10132947561574263774261');
INSERT INTO `table_cources` VALUES ('7253481691574752556098', NULL, '★', NULL, NULL, '18:30:00', '19:30:00', '11976352101574247112256', '47101389251574507011770');
INSERT INTO `table_cources` VALUES ('72986103511574919517373', NULL, '★', NULL, NULL, '18:30:00', '19:30:00', '71046358971574247275310', '94821371061574919516945');
INSERT INTO `table_cources` VALUES ('73182105691574919517383', NULL, '★', NULL, NULL, '19:45:00', '20:45:00', '71046358971574247275310', '94821371061574919516945');
INSERT INTO `table_cources` VALUES ('73516981041574752544856', NULL, '★', NULL, NULL, '18:30:00', '19:30:00', '51065329141574247214318', '14763258915744854224964');
INSERT INTO `table_cources` VALUES ('73528610411574848905986', NULL, '★', NULL, NULL, '13:45:00', '14:45:00', '67341681051574247226155', '51017893261574848905698');
INSERT INTO `table_cources` VALUES ('73649511021574919517150', NULL, '★', NULL, NULL, '13:45:00', '14:45:00', '51065329141574247214318', '94821371061574919516945');
INSERT INTO `table_cources` VALUES ('73981210541574752544846', NULL, '★', NULL, NULL, '12:30:00', '13:30:00', '51065329141574247214318', '14763258915744854224964');
INSERT INTO `table_cources` VALUES ('74102538961574752465751', NULL, '★', NULL, NULL, '18:30:00', '19:30:00', '51065329141574247214318', '10132947561574263774261');
INSERT INTO `table_cources` VALUES ('74185629101574848905922', NULL, '★', NULL, NULL, '18:30:00', '19:30:00', '47196108431574247199561', '51017893261574848905698');
INSERT INTO `table_cources` VALUES ('74231851061574752544837', NULL, '★', NULL, NULL, '19:45:00', '20:45:00', '47196108431574247199561', '14763258915744854224964');
INSERT INTO `table_cources` VALUES ('74586102311574752556084', NULL, '★', NULL, NULL, '13:45:00', '14:45:00', '11976352101574247112256', '47101389251574507011770');
INSERT INTO `table_cources` VALUES ('74819610521574752465425', '', '★', '', '', '12:30:00', '13:30:00', '21964327101574247282899', '10132947561574263774261');
INSERT INTO `table_cources` VALUES ('75631089121574752465892', NULL, '★', NULL, NULL, '18:30:00', '19:30:00', '67341681051574247226155', '10132947561574263774261');
INSERT INTO `table_cources` VALUES ('75943628101574752465414', NULL, '★', NULL, NULL, '19:45:00', '20:45:00', '11976352101574247112256', '10132947561574263774261');
INSERT INTO `table_cources` VALUES ('76108345291574752556429', NULL, '★', NULL, NULL, '18:30:00', '19:30:00', '51065329141574247214318', '47101389251574507011770');
INSERT INTO `table_cources` VALUES ('76109258411574752544841', NULL, '★', NULL, NULL, '12:30:00', '13:30:00', '51065329141574247214318', '14763258915744854224964');
INSERT INTO `table_cources` VALUES ('76213458101574848905800', NULL, '★', NULL, NULL, '19:45:00', '20:45:00', '21964327101574247282899', '51017893261574848905698');
INSERT INTO `table_cources` VALUES ('7628195341574848905933', NULL, '★', NULL, NULL, '19:45:00', '20:45:00', '47196108431574247199561', '51017893261574848905698');
INSERT INTO `table_cources` VALUES ('76435101281574919517083', NULL, '★', NULL, NULL, '12:30:00', '13:30:00', '47196108431574247199561', '94821371061574919516945');
INSERT INTO `table_cources` VALUES ('76583942101574848905782', NULL, '★', NULL, NULL, '18:30:00', '19:30:00', '21964327101574247282899', '51017893261574848905698');
INSERT INTO `table_cources` VALUES ('7825613941574752544811', NULL, '★', NULL, NULL, '18:30:00', '19:30:00', '47196108431574247199561', '14763258915744854224964');
INSERT INTO `table_cources` VALUES ('78321051961574752556109', NULL, '★', NULL, NULL, '19:45:00', '20:45:00', '11976352101574247112256', '47101389251574507011770');
INSERT INTO `table_cources` VALUES ('79310648251574919517024', NULL, '★', NULL, NULL, '19:45:00', '20:45:00', '11976352101574247112256', '94821371061574919516945');
INSERT INTO `table_cources` VALUES ('79581026141574752465689', NULL, '★', NULL, NULL, '18:30:00', '19:30:00', '47196108431574247199561', '10132947561574263774261');
INSERT INTO `table_cources` VALUES ('79810231561574752556278', NULL, '★', NULL, NULL, '19:45:00', '20:45:00', '39657101421574247168608', '47101389251574507011770');
INSERT INTO `table_cources` VALUES ('81037416951574752544645', NULL, '★', NULL, NULL, '19:45:00', '20:45:00', '11976352101574247112256', '14763258915744854224964');
INSERT INTO `table_cources` VALUES ('81074693251574752544816', NULL, '★', NULL, NULL, '18:30:00', '19:30:00', '47196108431574247199561', '14763258915744854224964');
INSERT INTO `table_cources` VALUES ('81104976351574919517097', NULL, '★', NULL, NULL, '18:30:00', '19:30:00', '47196108431574247199561', '94821371061574919516945');
INSERT INTO `table_cources` VALUES ('82194107351574752544580', NULL, '★', NULL, NULL, '13:45:00', '14:45:00', '11976352101574247112256', '14763258915744854224964');
INSERT INTO `table_cources` VALUES ('8239716541574752544637', NULL, '★', NULL, NULL, '19:45:00', '20:45:00', '11976352101574247112256', '14763258915744854224964');
INSERT INTO `table_cources` VALUES ('82710943511574752556154', NULL, '★', NULL, NULL, '19:45:00', '20:45:00', '21964327101574247282899', '47101389251574507011770');
INSERT INTO `table_cources` VALUES ('82754639101574919517013', NULL, '★', NULL, NULL, '18:30:00', '19:30:00', '11976352101574247112256', '94821371061574919516945');
INSERT INTO `table_cources` VALUES ('83104962571574752556195', NULL, '★', NULL, NULL, '12:30:00', '13:30:00', '39657101421574247168608', '47101389251574507011770');
INSERT INTO `table_cources` VALUES ('8315947621574752556435', NULL, '★', NULL, NULL, '19:45:00', '20:45:00', '51065329141574247214318', '47101389251574507011770');
INSERT INTO `table_cources` VALUES ('83751210691574752556454', NULL, '★', NULL, NULL, '13:45:00', '14:45:00', '67341681051574247226155', '47101389251574507011770');
INSERT INTO `table_cources` VALUES ('84196521071574752556130', NULL, '★', NULL, NULL, '18:30:00', '19:30:00', '21964327101574247282899', '47101389251574507011770');
INSERT INTO `table_cources` VALUES ('8431729651574752556487', NULL, '★', NULL, NULL, '13:45:00', '14:45:00', '71046358971574247275310', '47101389251574507011770');
INSERT INTO `table_cources` VALUES ('84369105211574752544723', NULL, '★', NULL, NULL, '18:30:00', '19:30:00', '39657101421574247168608', '14763258915744854224964');
INSERT INTO `table_cources` VALUES ('84910216371574752556076', NULL, '★', NULL, NULL, '12:30:00', '13:30:00', '11976352101574247112256', '47101389251574507011770');
INSERT INTO `table_cources` VALUES ('85127491061574752544790', NULL, '★', NULL, NULL, '19:45:00', '20:45:00', '39657101421574247168608', '14763258915744854224964');
INSERT INTO `table_cources` VALUES ('85193710241574752544853', NULL, '★', NULL, NULL, '18:30:00', '19:30:00', '51065329141574247214318', '14763258915744854224964');
INSERT INTO `table_cources` VALUES ('85379426101574752465601', NULL, '★', NULL, NULL, '19:45:00', '20:45:00', '39657101421574247168608', '10132947561574263774261');
INSERT INTO `table_cources` VALUES ('85621103741574919517020', NULL, '★', NULL, NULL, '19:45:00', '20:45:00', '11976352101574247112256', '94821371061574919516945');
INSERT INTO `table_cources` VALUES ('8563972141574848905979', NULL, '★', NULL, NULL, '12:30:00', '13:30:00', '67341681051574247226155', '51017893261574848905698');
INSERT INTO `table_cources` VALUES ('86310951421574752465718', NULL, '★', NULL, NULL, '19:45:00', '20:45:00', '47196108431574247199561', '10132947561574263774261');
INSERT INTO `table_cources` VALUES ('87123961051574919517158', NULL, '★', NULL, NULL, '18:30:00', '19:30:00', '51065329141574247214318', '94821371061574919516945');
INSERT INTO `table_cources` VALUES ('87293415101574752544692', NULL, '★', NULL, NULL, '19:45:00', '20:45:00', '21964327101574247282899', '14763258915744854224964');
INSERT INTO `table_cources` VALUES ('87345921101574919517381', NULL, '★', NULL, NULL, '19:45:00', '20:45:00', '71046358971574247275310', '94821371061574919516945');
INSERT INTO `table_cources` VALUES ('89341072161574919517060', NULL, '★', NULL, NULL, '12:30:00', '13:30:00', '39657101421574247168608', '94821371061574919516945');
INSERT INTO `table_cources` VALUES ('89463710151574752556463', NULL, '★', NULL, NULL, '18:30:00', '19:30:00', '67341681051574247226155', '47101389251574507011770');
INSERT INTO `table_cources` VALUES ('89710451321574752544849', NULL, '★', NULL, NULL, '13:45:00', '14:45:00', '51065329141574247214318', '14763258915744854224964');
INSERT INTO `table_cources` VALUES ('91013268571574848905872', NULL, '★', NULL, NULL, '19:45:00', '20:45:00', '39657101421574247168608', '51017893261574848905698');
INSERT INTO `table_cources` VALUES ('91041238671574752544794', NULL, '★', NULL, NULL, '12:30:00', '13:30:00', '47196108431574247199561', '14763258915744854224964');
INSERT INTO `table_cources` VALUES ('91053246781574752544575', NULL, '★', NULL, NULL, '12:30:00', '13:30:00', '11976352101574247112256', '14763258915744854224964');
INSERT INTO `table_cources` VALUES ('91486321071574752556466', NULL, '★', NULL, NULL, '19:45:00', '20:45:00', '67341681051574247226155', '47101389251574507011770');
INSERT INTO `table_cources` VALUES ('9157346281574752544887', NULL, '★', NULL, NULL, '19:45:00', '20:45:00', '51065329141574247214318', '14763258915744854224964');
INSERT INTO `table_cources` VALUES ('91845106321574752556146', NULL, '★', NULL, NULL, '18:30:00', '19:30:00', '21964327101574247282899', '47101389251574507011770');
INSERT INTO `table_cources` VALUES ('9254186371574848905715', NULL, '★', NULL, NULL, '12:30:00', '13:30:00', '11976352101574247112256', '51017893261574848905698');
INSERT INTO `table_cources` VALUES ('93110564781574752556172', NULL, '★', NULL, NULL, '19:45:00', '20:45:00', '21964327101574247282899', '47101389251574507011770');
INSERT INTO `table_cources` VALUES ('93154210671574752464933', NULL, '★', NULL, NULL, '12:30:00', '13:30:00', '11976352101574247112256', '10132947561574263774261');
INSERT INTO `table_cources` VALUES ('93210654781574752544976', NULL, '★', NULL, NULL, '19:45:00', '20:45:00', '67341681051574247226155', '14763258915744854224964');
INSERT INTO `table_cources` VALUES ('93274105161574752544940', NULL, '★', NULL, NULL, '13:45:00', '14:45:00', '67341681051574247226155', '14763258915744854224964');
INSERT INTO `table_cources` VALUES ('93547861021574752544780', NULL, '★', NULL, NULL, '19:45:00', '20:45:00', '39657101421574247168608', '14763258915744854224964');
INSERT INTO `table_cources` VALUES ('93617842101574752556432', NULL, '★', NULL, NULL, '18:30:00', '19:30:00', '51065329141574247214318', '47101389251574507011770');
INSERT INTO `table_cources` VALUES ('93871241051574919517368', NULL, '★', NULL, NULL, '18:30:00', '19:30:00', '71046358971574247275310', '94821371061574919516945');
INSERT INTO `table_cources` VALUES ('9417628351574752556201', NULL, '★', NULL, NULL, '13:45:00', '14:45:00', '39657101421574247168608', '47101389251574507011770');
INSERT INTO `table_cources` VALUES ('94523871101574752465618', NULL, '★', NULL, NULL, '19:45:00', '20:45:00', '39657101421574247168608', '10132947561574263774261');
INSERT INTO `table_cources` VALUES ('94527186101574848905882', NULL, '★', NULL, NULL, '12:30:00', '13:30:00', '47196108431574247199561', '51017893261574848905698');
INSERT INTO `table_cources` VALUES ('94821071651574919517155', NULL, '★', NULL, NULL, '18:30:00', '19:30:00', '51065329141574247214318', '94821371061574919516945');
INSERT INTO `table_cources` VALUES ('95738106421574919517091', NULL, '★', NULL, NULL, '18:30:00', '19:30:00', '47196108431574247199561', '94821371061574919516945');
INSERT INTO `table_cources` VALUES ('96231071841574848905845', NULL, '★', NULL, NULL, '12:30:00', '13:30:00', '39657101421574247168608', '51017893261574848905698');
INSERT INTO `table_cources` VALUES ('97413681021574919517105', NULL, '★', NULL, NULL, '19:45:00', '20:45:00', '47196108431574247199561', '94821371061574919516945');
INSERT INTO `table_cources` VALUES ('97543182101574752544822', NULL, '★', NULL, NULL, '18:30:00', '19:30:00', '47196108431574247199561', '14763258915744854224964');
INSERT INTO `table_cources` VALUES ('98273651041574752465988', NULL, '★', NULL, NULL, '19:45:00', '20:45:00', '71046358971574247275310', '10132947561574263774261');
INSERT INTO `table_cources` VALUES ('98364101271574919517053', NULL, '★', NULL, NULL, '19:45:00', '20:45:00', '21964327101574247282899', '94821371061574919516945');

-- ----------------------------
-- Table structure for week
-- ----------------------------
DROP TABLE IF EXISTS `week`;
CREATE TABLE `week`  (
  `id` varchar(255) CHARACTER SET utf8 COLLATE utf8_general_ci NOT NULL COMMENT '星期ID',
  `describe` varchar(255) CHARACTER SET utf8 COLLATE utf8_general_ci NULL DEFAULT NULL COMMENT '描述',
  `english` varchar(255) CHARACTER SET utf8 COLLATE utf8_general_ci NULL DEFAULT NULL COMMENT '英文',
  PRIMARY KEY (`id`) USING BTREE
) ENGINE = InnoDB CHARACTER SET = utf8 COLLATE = utf8_general_ci ROW_FORMAT = Compact;

-- ----------------------------
-- Records of week
-- ----------------------------
INSERT INTO `week` VALUES ('11976352101574247112256', '星期一', 'monday');
INSERT INTO `week` VALUES ('21964327101574247282899', '星期二', 'tuesday');
INSERT INTO `week` VALUES ('39657101421574247168608', '星期三', 'wednesday');
INSERT INTO `week` VALUES ('47196108431574247199561', '星期四', 'thursday');
INSERT INTO `week` VALUES ('51065329141574247214318', '星期五', 'friday');
INSERT INTO `week` VALUES ('67341681051574247226155', '星期六', 'saturday');
INSERT INTO `week` VALUES ('71046358971574247275310', '星期天', 'sunday');

SET FOREIGN_KEY_CHECKS = 1;
